"value";"freq";"n_solos";"n_performer";"n_corpus";"N";"group";"group_pos";"group_seed"
"-2,-1,3,3,3,-1,-2";76;50;17;3;7;"a";1;TRUE
"-1,-2,-1,3,3,3,-1";73;51;20;3;7;"a";2;FALSE
"2,1,2,2,3,-1,-2";73;61;28;2;7;"b";1;TRUE
"-1,-1,-1,-2,-2,-1,3";71;52;28;3;7;"c";1;TRUE
"3,-3,1,2,1,2,2";64;54;37;2;7;"d";1;TRUE
"-2,-1,-2,-1,3,3,3";62;39;18;3;7;"e";1;TRUE
"2,2,1,2,-3,1,2";60;51;24;3;7;"f";1;TRUE
"-1,-2,-2,-1,3,3,3";59;41;10;3;7;"e";2;FALSE
"-3,1,2,1,2,2,3";58;46;29;3;7;"d";2;FALSE
"-2,-2,-1,-2,-2,-1,3";57;50;22;3;7;"c";2;FALSE
"1,2,2,3,-1,-2,-2";57;46;25;2;7;"b";2;FALSE
"-1,-2,-1,-3,-1,-2,-2";54;46;33;3;7;"g";1;TRUE
"2,1,2,2,-4,-1,-2";54;47;27;2;7;"b";3;FALSE
"-1,-1,-2,-2,-1,3,3";51;39;17;3;7;"c";3;FALSE
"3,-1,-1,-1,-2,-2,-1";51;41;27;3;7;"c";4;FALSE
"-1,-1,-1,-2,-2,-1,3,3";49;37;16;3;8;"c";5;FALSE
"-2,-1,-2,-2,-2,-1,3";48;45;29;3;7;"c";6;FALSE
"-2,-1,-2,-1,-3,-1,-2";47;43;33;3;7;"g";2;FALSE
"-2,-1,-2,-1,3,3,3,-1";47;31;13;3;8;"e";3;FALSE
"-2,-2,-1,3,3,3,-1";47;36;9;3;7;"a";3;FALSE
"1,2,1,2,2,3,-1";47;41;22;3;7;"b";4;FALSE
"2,-3,1,2,1,2,2";47;41;30;3;7;"d";3;FALSE
"-1,-2,-2,-1,3,3,4";46;38;11;3;7;"h";1;TRUE
"-2,-1,-2,-2,-1,-1,4";46;37;20;3;7;"i";1;TRUE
"-3,1,2,1,2,2,2";46;35;23;2;7;"d";4;FALSE
"2,1,2,2,3,-1,-2,-2";46;38;21;2;8;"b";5;FALSE
"2,2,3,-3,1,2,2";45;40;22;3;7;"j";1;TRUE
"-1,-1,-2,-1,-2,-1,3";42;37;23;3;7;"c";7;FALSE
"-2,-1,-2,-2,2,2,3";42;23;13;3;7;"k";1;TRUE
"4,3,4,-1,-1,-1,-1";42;34;14;3;7;"l";1;TRUE
"-2,-1,-2,-2,-1,3,3";41;33;5;3;7;"e";4;FALSE
"-1,-2,-2,-1,-2,-1,3";40;34;17;3;7;"m";1;TRUE
"-1,-2,-2,-1,3,3,3,-1";39;28;8;3;8;"h";2;FALSE
"-3,1,2,1,2,1,1";39;33;19;3;7;"n";1;TRUE
"2,-3,1,2,2,1,2";39;33;25;3;7;"f";2;FALSE
"-1,-2,-1,3,3,3,-1,-2";38;24;9;3;8;"a";4;FALSE
"-3,1,2,-2,-1,-2,-2";38;29;13;3;7;"o";1;TRUE
"1,2,2,1,2,-3,1";38;37;21;3;7;"f";3;FALSE
"-1,-2,-1,-9,3,3,-1";36;24;3;3;7;"p";1;TRUE
"-1,-2,-2,-1,-1,4,-5";36;31;16;3;7;"i";2;FALSE
"-2,-2,-1,-2,-1,3,3";36;28;14;3;7;"e";5;FALSE
"-2,-2,-1,3,-2,-1,-2";36;31;19;3;7;"q";1;TRUE
"-3,1,2,1,2,2,-4";36;29;21;3;7;"d";5;FALSE
"-3,1,2,2,2,1,2";36;27;17;2;7;"n";2;FALSE
"-1,3,3,3,-1,-2,-2";35;23;14;3;7;"a";5;FALSE
"1,2,-2,-1,-2,-1,3";35;31;18;3;7;"m";2;FALSE
"2,1,2,-3,1,2,2";35;30;20;2;7;"f";4;FALSE
"-2,-1,1,2,-3,1,2";34;30;18;3;7;"f";5;FALSE
"-2,-2,-1,3,3,4,-2";34;26;11;3;7;"h";3;FALSE
"-2,-2,-3,-2,-2,-1,-2";34;27;18;3;7;"q";2;FALSE
"-3,1,1,-4,1,1,-2";34;25;4;3;7;"r";1;TRUE
"-3,1,2,1,1,1,1";34;23;18;2;7;"n";3;FALSE
"1,2,-3,1,2,2,1";34;29;22;3;7;"s";1;TRUE
"2,1,2,2,1,2,-3";34;34;20;2;7;"t";1;TRUE
"3,-3,1,2,1,2,1";34;29;21;2;7;"d";6;FALSE
"3,4,3,-2,-1,-2,-2";34;30;13;3;7;"u";1;TRUE
"-1,-2,-2,-1,3,-3,1";33;26;17;2;7;"h";4;FALSE
"-1,3,3,3,-3,1,1";33;28;15;3;7;"v";1;TRUE
"-2,-1,3,3,3,-3,1";33;27;14;3;7;"a";6;FALSE
"-2,-2,-2,-1,-2,-1,3";33;30;20;3;7;"m";3;FALSE
"1,2,-3,1,2,1,2";33;31;18;3;7;"s";2;FALSE
"3,-3,1,1,-4,1,1";33;25;5;3;7;"r";2;FALSE
"-1,3,3,3,-1,-2,-1";32;26;10;3;7;"a";7;FALSE
"-2,-1,3,3,3,-1,-2,-2";32;20;13;3;8;"a";8;FALSE
"-2,-2,-1,-2,-2,-1,3,3";32;27;3;3;8;"w";1;TRUE
"-1,-2,-1,-2,-1,3,3";31;28;12;3;7;"e";6;FALSE
"-2,-1,-2,-1,-9,3,3";31;16;2;3;7;"e";7;FALSE
"-2,-2,-1,-1,2,2,3";31;25;18;3;7;"x";1;TRUE
"-2,-2,-1,-2,-1,3,-2";31;28;20;3;7;"m";4;FALSE
"-3,1,2,1,1,1,1,1";31;22;17;2;8;"n";4;FALSE
"1,2,1,2,2,3,4";31;27;17;3;7;"y";1;TRUE
"-2,-1,-9,3,3,-1,-2";30;21;4;2;7;"a";9;FALSE
"-2,-1,3,3,3,-3,1,1";30;26;14;3;8;"v";2;FALSE
"-2,-3,-2,-3,-2,-2,-3";30;25;19;2;7;"z";1;TRUE
"-3,1,1,-4,1,1,-2,-2";30;21;1;2;8;"r";3;FALSE
"1,-4,1,-4,1,-4,1";30;11;7;3;7;"a1";1;TRUE
"3,4,3,-3,1,1,-4";30;22;6;3;7;"b1";1;TRUE
"-1,-2,-2,-3,-2,-2,-1";29;24;15;2;7;"c1";1;TRUE
"-2,-1,-2,-1,3,3,3,-1,-2";29;18;8;3;9;"a";10;FALSE
"-2,-1,3,3,3,-1,-2,-1";29;23;8;3;8;"a";11;FALSE
"-3,-2,-3,-1,-1,-2,-3";29;23;14;2;7;"d1";1;TRUE
"-3,1,2,2,1,2,2";29;27;20;3;7;"d";7;FALSE
"3,-2,-1,-2,-2,-2,-1";29;25;13;3;7;"e1";1;TRUE
"3,-3,1,2,-2,-1,-2";29;23;9;3;7;"o";2;FALSE
"-1,-1,-2,-2,-1,3,3,3";28;23;9;3;8;"e";8;FALSE
"-1,-3,1,2,1,2,2";28;24;15;3;7;"d";8;FALSE
"-2,-2,-1,-2,-2,-2,-1,3";28;26;17;3;8;"w";2;FALSE
"1,2,1,2,2,-4,-1";28;24;19;2;7;"y";2;FALSE
"2,1,2,-3,1,2,1";28;24;17;3;7;"f";6;FALSE
"2,2,3,-1,-2,-2,-1";28;21;13;2;7;"f1";1;TRUE
"2,2,3,-3,1,4,3";28;25;20;3;7;"j";2;FALSE
"2,3,-2,-1,1,4,3";28;22;8;3;7;"g1";1;TRUE
"3,2,2,3,-3,1,2";28;25;16;3;7;"j";3;FALSE
"-1,-2,-1,9,-3,1,1";27;22;10;3;7;"h1";1;TRUE
"-1,-2,-2,-2,-1,3,2";27;25;18;3;7;"m";5;FALSE
"-2,-1,-1,2,2,3,4";27;22;16;3;7;"x";2;FALSE
"1,2,1,2,2,3,-1,-2";27;24;17;2;8;"b";6;FALSE
"3,-3,1,2,2,1,2";27;23;15;3;7;"d";9;FALSE
"3,2,-2,2,-2,2,-2";27;27;21;2;7;"i1";1;TRUE
"4,3,-3,1,1,-4,1,1";27;19;2;3;8;"j1";1;TRUE
"-1,-1,-1,-2,-1,-2,-1,3";26;22;15;3;8;"c";8;FALSE
"-1,-1,-1,-2,-2,-1,3,3,3";26;21;8;3;9;"c";9;FALSE
"-1,-2,-1,3,-2,-2,-1";26;23;17;2;7;"c1";2;FALSE
"-1,-2,-1,3,3,2,1";26;26;18;3;7;"k1";1;TRUE
"-2,-1,-2,-2,-1,-1,4,-5";26;23;12;3;8;"i";3;FALSE
"-2,-1,-2,-2,-3,-2,-2";26;25;13;2;7;"c1";3;FALSE
"-2,-2,-1,3,-3,1,2";26;23;15;2;7;"l1";1;TRUE
"-3,2,-2,3,-3,2,-2";26;10;6;2;7;"m1";1;TRUE
"-4,3,-3,1,2,1,2";26;20;15;2;7;"d";10;FALSE
"1,2,2,3,-1,-2,-2,-1";26;19;12;2;8;"f1";2;FALSE
"1,4,3,4,-1,-1,-1";26;24;12;3;7;"l";2;FALSE
"2,2,3,-2,2,2,3";26;18;14;2;7;"n1";1;TRUE
"2,2,3,2,3,2,2";26;23;15;2;7;"j";4;FALSE
"2,3,-1,-2,-2,-1,-1";26;19;11;3;7;"f1";3;FALSE
"3,-3,1,1,-4,1,1,-2";26;20;1;2;8;"r";4;FALSE
"3,4,3,-3,1,1,-4,1,1";26;18;2;3;9;"b1";2;FALSE
"-1,-1,-2,-1,-2,-1,-3";25;21;15;3;7;"m";6;FALSE
"-2,-1,-2,-1,-3,-1,-2,-2";25;24;19;3;8;"g";3;FALSE
"-2,-1,3,-2,2,1,2";25;22;15;2;7;"o1";1;TRUE
"-2,-3,-2,-2,-1,-2,-2";25;19;16;3;7;"p1";1;TRUE
"-2,2,1,2,2,3,-1";25;25;14;2;7;"b";7;FALSE
"2,-3,1,2,1,1,1";25;21;15;2;7;"n";5;FALSE
"3,-1,-2,-2,-1,-1,-1";25;22;15;2;7;"i";4;FALSE
"3,-3,1,1,-4,1,1,-2,-2";25;19;1;2;9;"r";5;FALSE
"-1,-1,-2,-1,-2,-1,-4";24;19;12;3;7;"m";7;FALSE
"-1,-2,-1,-9,3,3,-1,-2";24;16;3;2;8;"a";12;FALSE
"-1,-2,-2,-1,-1,2,-3";24;23;18;3;7;"q1";1;TRUE
"-2,-1,1,4,3,2,2";24;18;6;3;7;"r1";1;TRUE
"-2,-1,3,3,4,-2,-2";24;20;18;3;7;"a";13;FALSE
"-2,-2,-1,-1,4,-5,-2";24;19;10;3;7;"s1";1;TRUE
"-3,1,2,1,2,1,2";24;23;17;3;7;"d";11;FALSE
"1,2,-3,1,2,2,1,2";24;21;17;3;8;"s";3;FALSE
"1,2,2,2,1,2,-3";24;24;12;2;7;"t";2;FALSE
"1,3,4,3,-3,1,1";24;17;4;3;7;"v";3;FALSE
"2,2,3,-1,-2,-2,-1,-1";24;18;10;2;8;"f1";4;FALSE
"3,2,2,3,-2,-1,-2";24;21;8;3;7;"t1";1;TRUE
"4,3,-3,1,1,-4,1,1,-2,-2";24;18;1;2;10;"j1";2;FALSE
"-1,-1,-1,-1,-3,-4,-3";23;21;10;3;7;"u1";1;TRUE
"-1,-2,-1,-3,-1,-2,-1";23;21;19;3;7;"g";4;FALSE
"-1,-2,-1,1,2,-3,1";23;20;9;3;7;"v1";1;TRUE
"-1,-2,-1,3,3,3,-1,-2,-2";23;14;7;3;9;"a";14;FALSE
"-1,-2,-2,-1,3,3,4,-2";23;20;6;3;8;"h";5;FALSE
"-1,-2,-2,2,2,3,5";23;14;8;2;7;"k";2;FALSE
"-1,3,2,2,3,-3,1";23;21;15;3;7;"w1";1;TRUE
"-2,-1,-1,4,-5,-2,5";23;21;13;3;7;"s1";2;FALSE
"-2,-1,-2,-1,3,3,2";23;23;16;3;7;"e";9;FALSE
"-2,-1,1,3,-3,-4,-3";23;19;9;3;7;"x1";1;TRUE
"-2,-1,3,2,2,3,-3";23;19;11;3;7;"w1";2;FALSE
"-2,-2,-1,-2,-1,-3,-1";23;23;18;3;7;"y1";1;TRUE
"-2,-2,-1,-2,-2,-1,-1,4";23;21;17;3;8;"i";5;FALSE
"-2,-3,-2,-3,-1,-1,-2";23;21;14;2;7;"d1";2;FALSE
"-3,1,2,1,2,2,3,-1";23;21;13;2;8;"y";3;FALSE
"1,-4,1,1,-2,-2,-1";23;19;1;2;7;"z1";1;TRUE
"1,2,-3,1,2,1,1";23;16;9;2;7;"n";6;FALSE
"1,2,2,3,-1,-2,-2,-1,-1";23;17;10;2;9;"f1";5;FALSE
"1,3,4,3,-3,1,1,-4";23;16;3;3;8;"b1";3;FALSE
"2,-2,3,-3,2,-2,3";23;8;5;2;7;"m1";2;FALSE
"2,1,2,2,3,-1,-2,-2,-1";23;18;12;2;9;"b";8;FALSE
"2,2,3,-1,-2,-2,-2";23;23;19;2;7;"f1";6;FALSE
"2,2,3,-3,1,2,1";23;20;15;2;7;"j";5;FALSE
"2,3,-1,-1,-1,-2,-2";23;17;11;3;7;"a2";1;TRUE
"2,3,-3,1,2,2,3";23;21;13;3;7;"j";6;FALSE
"2,3,-3,1,4,3,4";23;21;12;3;7;"b2";1;TRUE
"3,4,-2,-2,-1,-2,-2";23;21;15;2;7;"u";2;FALSE
"3,4,3,-3,1,1,-4,1,1,-2";23;17;1;2;10;"j1";3;FALSE
"-1,-1,-1,-1,2,2,3";22;18;10;3;7;"x";3;FALSE
"-1,-1,-1,-2,-1,-1,-3";22;20;13;3;7;"c";10;FALSE
"-1,-2,-1,3,-2,2,1";22;19;12;2;7;"k1";2;FALSE
"-1,-2,-2,-1,-2,-2,-3";22;22;17;2;7;"m";8;FALSE
"-2,-1,-2,-1,-9,3,3,-1";22;14;2;3;8;"e";10;FALSE
"-2,-2,-1,-1,2,2,3,4";22;19;14;3;8;"x";4;FALSE
"-2,-2,-1,-2,-2,-3,1";22;18;14;2;7;"y1";2;FALSE
"-2,-2,-1,3,3,3,-1,-2";22;17;6;3;8;"a";15;FALSE
"-3,1,2,-2,-1,-2,-1";22;17;10;3;7;"o";3;FALSE
"-3,1,2,1,2,2,1";22;18;16;3;7;"d";12;FALSE
"1,-4,1,1,-2,-2,-1,-2,-2";22;18;1;2;9;"z1";2;FALSE
"1,2,-3,1,2,1,2,2";22;20;14;3;8;"d";13;FALSE
"1,3,4,3,-3,1,1,-4,1,1";22;15;2;3;10;"j1";4;FALSE
"2,-3,1,-3,2,1,2";22;21;13;2;7;"c2";1;TRUE
"2,1,2,2,3,4,-2";22;21;17;3;7;"b";9;FALSE
"2,2,1,2,2,1,2,-3";22;22;12;2;8;"f";7;FALSE
"3,-3,2,-2,3,-3,2";22;7;3;2;7;"m1";3;FALSE
"3,2,2,3,2,3,2";22;15;10;2;7;"d2";1;TRUE
"-1,-2,-1,-2,-1,-3,-1";21;19;14;3;7;"y1";3;FALSE
"-1,-2,-1,1,7,-2,-2";21;13;3;2;7;"g";5;FALSE
"-1,-2,-1,3,4,3,-2";21;17;5;3;7;"e2";1;TRUE
"-1,-2,-2,-1,3,3,3,-1,-2";21;16;6;3;9;"a";16;FALSE
"-2,-1,-2,-2,-1,3,-3,1";21;18;13;2;8;"f2";1;TRUE
"-2,-1,-2,-2,-4,-1,-2";21;16;10;3;7;"i";6;FALSE
"-2,-1,-2,5,-2,-1,-2";21;13;10;2;7;"g2";1;TRUE
"-2,-1,3,-2,-2,-1,-2";21;17;13;2;7;"a";17;FALSE
"-2,-1,3,-3,1,2,2";21;18;14;2;7;"j";7;FALSE
"-3,-2,-2,-1,-2,-2,-1";21;20;13;3;7;"c1";4;FALSE
"-3,1,1,-4,1,1,-2,-2,-1";21;17;1;2;9;"r";6;FALSE
"-3,1,2,1,2,2,2,1";21;19;13;2;8;"n";7;FALSE
"-3,2,3,-2,-1,1,4";21;13;1;3;7;"g1";2;FALSE
"-4,1,-4,1,-4,1,-4";21;7;4;3;7;"a1";2;FALSE
"1,2,2,-4,-1,-2,5";21;19;13;2;7;"h2";1;TRUE
"1,4,3,4,-1,-1,-1,-1";21;20;9;3;8;"l";3;FALSE
"2,-2,-1,-2,-1,3,3";21;17;10;3;7;"e";11;FALSE
"2,2,1,2,-3,1,2,2";21;19;13;2;8;"f";8;FALSE
"2,2,2,1,2,-3,1";21;19;10;2;7;"f";9;FALSE
"2,2,3,-2,-1,-2,-2";21;19;14;3;7;"u";3;FALSE
"3,-1,-1,-1,-2,-2,-1,-2";21;19;14;2;8;"c";11;FALSE
"3,-2,-1,-2,-2,-2,-1,-2";21;17;8;3;8;"e1";2;FALSE
"7,-3,1,2,1,2,2";21;13;11;2;7;"d";14;FALSE
"-1,-1,-1,-1,-2,-2,-1,3";20;16;10;3;8;"c";12;FALSE
"-1,-1,-2,-2,-1,3,3,3,-1";20;15;7;3;9;"i2";1;TRUE
"-1,-2,-1,-3,-1,-1,-1";20;17;13;2;7;"g";6;FALSE
"-1,-2,-1,1,2,1,-3";20;18;13;2;7;"v1";2;FALSE
"-1,-2,-1,3,2,2,3";20;17;8;3;7;"x";5;FALSE
"-1,-2,-1,3,3,3,-3";20;18;12;3;7;"e";12;FALSE
"-2,-1,-2,-1,1,7,-2";20;13;3;2;7;"j2";1;TRUE
"-2,-1,-2,-2,-1,3,3,3";20;15;4;3;8;"e";13;FALSE
"-2,-1,-2,-2,-2,-1,3,2";20;19;15;3;8;"k2";1;TRUE
"-2,-1,-3,-1,-2,-2,4";20;17;15;3;7;"g";7;FALSE
"-2,-1,3,-3,1,2,1";20;18;15;2;7;"l1";2;FALSE
"-2,-2,-1,-2,-1,3,3,3";20;16;7;3;8;"e";14;FALSE
"-2,-2,-1,-2,-2,-3,-2";20;18;12;2;7;"q";3;FALSE
"-2,-3,1,2,2,2,1";20;18;14;2;7;"l2";1;TRUE
"-2,-3,3,2,2,-2,-2";20;15;12;3;7;"m2";1;TRUE
"-3,1,1,-4,1,1,-2,-2,-1,-2";20;16;1;2;10;"n2";1;TRUE
"-3,1,2,-2,-1,-4,-3";20;16;3;3;7;"o";4;FALSE
"-3,1,2,2,1,2,-2";20;18;11;3;7;"t";3;FALSE
"-4,1,-4,1,-4,1,-4,1";20;6;3;3;8;"a1";3;FALSE
"1,1,-4,1,1,-2,-2,-1,-2,-2";20;16;1;2;10;"n2";2;FALSE
"1,2,2,1,2,-3,1,2";20;19;13;3;8;"f";10;FALSE
"1,2,2,3,-1,-2,-1";20;20;11;2;7;"b";10;FALSE
"2,-2,3,-3,2,-2,3,-3,2";20;6;3;2;9;"o2";1;TRUE
"2,1,2,2,3,-1,-2,-2,-1,-1";20;16;10;2;10;"p2";1;TRUE
"2,2,1,2,-3,1,2,1";20;17;12;3;8;"f";11;FALSE
"2,2,3,-3,1,2,2,3";20;18;13;3;8;"j";8;FALSE
"2,3,-1,-1,-1,-2,-2,-1";20;14;9;3;8;"a2";2;FALSE
"3,-1,-2,-2,-2,-1,-2";20;19;13;2;7;"e1";3;FALSE
"3,-2,-1,1,4,3,2";20;17;8;3;7;"g1";3;FALSE
"3,-2,2,1,2,2,3";20;20;17;2;7;"q2";1;TRUE
"3,-3,1,1,-4,1,1,-2,-2,-1";20;16;1;2;10;"n2";3;FALSE
"3,-3,1,2,1,1,1";20;14;12;2;7;"d";15;FALSE
"3,4,3,-3,1,2,2";20;16;10;3;7;"j";9;FALSE
"4,-2,-2,-1,-2,-2,-1";20;19;16;2;7;"c1";5;FALSE
"-1,-1,-1,-1,-2,-1,3";19;17;15;3;7;"c";13;FALSE
"-1,-2,-2,-1,-2,-1,-3";19;18;16;3;7;"m";9;FALSE
"-1,1,2,-3,1,2,1";19;17;9;3;7;"s";4;FALSE
"-1,3,2,2,3,-2,-1";19;15;7;3;7;"t1";2;FALSE
"-2,-1,-1,-1,-2,-2,-1,3";19;15;10;3;8;"c";14;FALSE
"-2,-1,-2,-1,1,3,-3";19;16;5;3;7;"e";15;FALSE
"-2,-1,-3,-1,-2,-2,-1";19;16;11;2;7;"g";8;FALSE
"-2,-1,3,2,2,3,-2";19;17;9;3;7;"m2";2;FALSE
"-2,-1,3,4,3,-3,1";19;17;9;3;7;"r2";1;TRUE
"-2,-2,-2,-1,-2,-2,-1,3";19;17;11;3;8;"m";10;FALSE
"-2,-2,-3,5,-2,-3,-2";19;15;10;2;7;"s2";1;TRUE
"-2,-2,-6,1,2,1,-3";19;11;2;3;7;"t2";1;TRUE
"-2,2,-2,-2,2,-2,-3";19;16;12;3;7;"u2";1;TRUE
"-2,2,-2,-3,-2,2,-2";19;15;10;2;7;"i1";2;FALSE
"-3,-2,-2,-3,-2,-3,-2";19;16;11;2;7;"s2";2;FALSE
"-3,1,2,1,2,2,-4,-1";19;16;13;2;8;"v2";1;TRUE
"-3,1,2,2,1,2,-3";19;19;14;3;7;"t";4;FALSE
"-4,2,2,1,2,2,3";19;16;10;2;7;"q2";2;FALSE
"1,1,1,-3,1,1,1";19;11;9;2;7;"w2";1;TRUE
"1,2,1,2,2,-4,-1,-2";19;17;12;2;8;"b";11;FALSE
"2,-3,1,-3,2,-4,2";19;18;12;2;7;"c2";2;FALSE
"2,1,2,1,2,-3,-2";19;19;15;2;7;"t";5;FALSE
"3,-1,-1,-1,-2,-1,-1";19;18;10;3;7;"x2";1;TRUE
"3,-3,2,-2,3,-3,2,-2";19;7;3;2;8;"m1";4;FALSE
"-1,-1,-1,-2,-2,-1,3,3,3,-1";18;13;6;3;10;"i2";2;FALSE
"-1,-1,-1,-2,-2,-1,3,3,4";18;16;10;3;9;"c";15;FALSE
"-1,-1,-2,-1,-2,-1,3,3";18;18;7;3;8;"m";11;FALSE
"-1,-1,2,2,3,4,-2";18;13;12;2;7;"y2";1;TRUE
"-1,-2,-1,-2,-1,3,3,3";18;15;6;3;8;"e";16;FALSE
"-1,-2,-1,1,3,-3,-4";18;14;5;3;7;"v1";3;FALSE
"-1,-2,-1,3,-3,1,2";18;15;11;2;7;"h1";2;FALSE
"-1,-2,-2,-1,3,-3,1,2";18;15;10;2;8;"l1";3;FALSE
"-1,-3,-1,-2,-2,-1,-2";18;14;9;2;7;"c";16;FALSE
"-2,-1,-2,-1,1,2,-3";18;16;9;3;7;"v1";4;FALSE
"-2,-1,-2,-1,3,-3,1";18;17;14;2;7;"e";17;FALSE
"-2,-1,-2,-2,-1,3,-2";18;18;14;3;7;"i";7;FALSE
"-2,-1,-2,-2,-1,3,3,4";18;18;1;3;8;"e";18;FALSE
"-2,-1,-2,-2,2,2,3,5";18;11;5;2;8;"k";3;FALSE
"-2,-1,-3,-1,-2,-2,2";18;17;11;2;7;"g";9;FALSE
"-2,-1,1,4,3,2,2,3";18;13;4;3;8;"r1";2;FALSE
"-2,-1,3,2,2,3,-3,1";18;16;11;3;8;"w1";3;FALSE
"-2,-1,3,3,3,-1,-4";18;17;9;3;7;"a";18;FALSE
"-2,-2,-1,-1,4,-5,-2,5";18;16;9;3;8;"s1";3;FALSE
"-2,-2,-1,5,-2,-2,-1";18;7;5;2;7;"e1";4;FALSE
"-2,-2,-3,-2,-2,-1,-2,-2";18;13;11;3;8;"p1";2;FALSE
"-2,-3,-2,-2,-3,-2,-3";18;17;12;2;7;"z";2;FALSE
"-2,2,-2,2,-2,-3,-2";18;18;14;2;7;"i1";3;FALSE
"-2,2,-2,2,-2,2,-2,-3";18;17;10;2;8;"i1";4;FALSE
"-3,-2,-3,-2,-2,-3,-2";18;17;14;2;7;"z";3;FALSE
"0,-1,1,0,0,0,0";18;14;12;2;7;"z2";1;TRUE
"0,0,-1,1,0,0,0";18;13;11;2;7;"z2";2;FALSE
"1,-4,1,-4,1,-4,1,-4";18;6;4;3;8;"a1";4;FALSE
"1,-4,1,1,-2,-2,-1,-2,-2,-1";18;17;1;2;10;"a3";1;TRUE
"1,2,1,-3,-3,2,3";18;10;2;2;7;"b3";1;TRUE
"1,2,1,2,2,2,5";18;12;8;2;7;"y";4;FALSE
"1,3,4,3,-2,-1,-2";18;16;4;3;7;"u";4;FALSE
"2,-4,2,-3,1,-3,2";18;18;14;2;7;"c3";1;TRUE
"2,1,2,-3,1,-3,2";18;17;12;2;7;"f";12;FALSE
"2,1,2,2,-4,-1,-2,5";18;16;11;2;8;"b";12;FALSE
"2,1,2,2,3,-1,-4";18;15;9;3;7;"b";13;FALSE
"2,2,1,2,2,3,-1";18;17;9;2;7;"b";14;FALSE
"2,2,2,1,2,2,3";18;17;12;2;7;"n1";2;FALSE
"2,2,3,-1,-1,-1,-2";18;14;8;3;7;"a2";3;FALSE
"2,3,2,3,2,2,3";18;17;11;2;7;"n1";3;FALSE
"3,-1,-2,-2,-1,-1,2";18;16;12;3;7;"i";8;FALSE
"3,-3,1,2,1,2,2,3";18;17;16;2;8;"d";16;FALSE
"3,2,1,2,-2,-1,-2";18;17;8;3;7;"i1";5;FALSE
"4,3,-3,1,2,2,3";18;15;11;3;7;"d3";1;TRUE
"-1,-2,-2,-2,-1,-2,-1,3";17;15;11;2;8;"m";12;FALSE
"-1,1,7,-2,-2,-3,-4";17;13;4;2;7;"e3";1;TRUE
"-2,-1,-2,-1,1,7,-2,-2";17;11;3;2;8;"j2";2;FALSE
"-2,-1,-2,-1,3,3,3,-1,-2,-2";17;11;6;3;10;"f3";1;TRUE
"-2,-1,-2,-1,9,-3,1,1";17;12;6;3;8;"h1";3;FALSE
"-2,-1,-3,-1,-2,-1,3";17;16;12;2;7;"g3";1;TRUE
"-2,-1,3,-2,-1,-2,-2";17;16;10;3;7;"q";4;FALSE
"-2,-2,-1,-2,-1,1,7";17;10;3;2;7;"y1";4;FALSE
"-2,-2,-1,-2,-2,-1,3,3,4";17;17;1;3;9;"h";6;FALSE
"-2,-2,-1,1,2,-3,1";17;14;10;2;7;"v1";5;FALSE
"-2,-2,-1,3,-3,1,2,2";17;15;11;2;8;"l1";4;FALSE
"-2,-2,-1,3,3,3,-3";17;14;7;3;7;"e";19;FALSE
"-2,-2,-6,1,2,1,-3,-3";17;9;1;2;8;"t2";2;FALSE
"-2,-3,3,-3,-2,2,-2";17;16;14;3;7;"h3";1;TRUE
"-3,1,1,-1,-1,-1,-1";17;14;9;3;7;"i3";1;TRUE
"-3,1,2,-2,-1,-4,-3,-2";17;13;3;3;8;"o";5;FALSE
"-3,2,-2,2,-2,2,-2";17;17;12;2;7;"i1";6;FALSE
"-3,3,-3,-4,7,-3,3";17;3;3;2;7;"j3";1;TRUE
"-3,3,2,2,-2,-2,-3";17;11;10;2;7;"m2";3;FALSE
"-6,1,2,1,-3,-3,2,3";17;9;1;2;8;"b3";2;FALSE
"1,-1,-2,-1,-3,-1,-2";17;17;12;3;7;"g";10;FALSE
"1,-1,-2,-2,-3,-2,-2";17;16;11;3;7;"c1";6;FALSE
"1,-3,2,-4,2,-4,2";17;16;8;3;7;"k3";1;TRUE
"1,-4,1,-4,1,-4,1,-4,1";17;5;3;3;9;"a1";5;FALSE
"1,2,1,2,1,1,3";17;15;9;2;7;"n";8;FALSE
"1,2,2,3,-1,-2,-2,-2";17;17;13;2;8;"f1";7;FALSE
"1,4,3,4,1,1,1";17;13;5;3;7;"l3";1;TRUE
"2,-2,3,-3,2,-2,3,-3,2,-2";17;6;3;2;10;"o2";2;FALSE
"2,-3,1,2,1,2,1";17;16;9;3;7;"d";17;FALSE
"2,1,2,2,3,-1,-2,-1";17;17;10;2;8;"b";15;FALSE
"2,2,3,-2,-1,1,4";17;15;8;3;7;"g1";4;FALSE
"2,3,-3,1,2,1,2";17;14;10;2;7;"d";18;FALSE
"2,3,2,2,3,2,3";17;12;8;2;7;"d2";2;FALSE
"3,-3,-4,7,-3,3,-3";17;3;3;2;7;"j3";2;FALSE
"3,-3,1,4,3,4,-2";17;16;11;3;7;"b2";2;FALSE
"3,2,2,3,-2,-1,1";17;12;8;3;7;"t1";3;FALSE
"3,3,-1,-2,-1,3,3";17;13;6;3;7;"m3";1;TRUE
"4,-3,1,2,1,2,2";17;17;10;2;7;"d";19;FALSE
"4,1,-1,1,-1,1,-1";17;16;13;2;7;"n3";1;TRUE
"4,3,-3,1,4,3,4";17;16;12;3;7;"b2";3;FALSE
"4,3,4,-3,1,2,1";17;16;9;2;7;"o3";1;TRUE
"4,3,4,3,-2,-1,-2";17;16;11;3;7;"u";5;FALSE
"-1,-1,-1,-1,-5,2,1";16;15;7;3;7;"p3";1;TRUE
"-1,-1,-1,-1,2,2,-4";16;9;6;2;7;"p3";2;FALSE
"-1,-1,-1,4,-2,-3,-2";16;6;2;2;7;"q3";1;TRUE
"-1,-1,-2,-1,-2,-1,-3,-1";16;14;11;3;8;"y1";5;FALSE
"-1,-1,-3,1,2,-2,-1";16;14;3;2;7;"r3";1;TRUE
"-1,-2,-1,3,-2,2,1,2";16;14;9;2;8;"k1";3;FALSE
"-1,-2,-2,-1,-1,4,-5,-2";16;14;7;3;8;"s1";4;FALSE
"-1,-2,-2,-1,3,-2,-1";16;15;12;3;7;"h";7;FALSE
"-1,-2,-2,-2,-1,-2,-3";16;16;11;3;7;"q1";2;FALSE
"-1,-2,-2,-4,-1,-2,-1";16;14;8;3;7;"m";13;FALSE
"-1,-2,-2,-6,1,2,1";16;9;2;2;7;"t2";3;FALSE
"-1,-2,-2,2,2,3,4";16;13;8;3;7;"h";8;FALSE
"-1,-3,-1,-1,-1,-2,-1";16;10;7;2;7;"s3";1;TRUE
"-2,-1,-1,-1,-2,-2,-1,3,3";16;12;8;3;9;"c";17;FALSE
"-2,-1,-2,-1,1,3,-3,-4";16;13;5;3;8;"t3";1;TRUE
"-2,-1,-2,-1,3,3,2,1";16;16;11;3;8;"e";20;FALSE
"-2,-1,-2,-1,9,-1,-2";16;15;10;3;7;"g2";2;FALSE
"-2,-1,-2,-2,-1,-1,2,-3";16;16;14;3;8;"i";9;FALSE
"-2,-1,1,7,-2,-2,-3";16;12;3;2;7;"e3";2;FALSE
"-2,-1,3,3,2,1,-1";16;16;10;3;7;"k1";4;FALSE
"-2,-1,3,3,2,1,2";16;16;14;3;7;"k1";5;FALSE
"-2,-2,-1,-1,2,2,2,5";16;15;10;3;8;"x";6;FALSE
"-2,-2,-1,-2,-1,-3,-1,-2";16;16;14;3;8;"y1";6;FALSE
"-2,-2,-1,-2,-2,-2,-3";16;15;11;2;7;"e1";5;FALSE
"-2,-2,-1,-2,-2,-3,3";16;12;10;2;7;"w";3;FALSE
"-2,-2,-1,3,2,2,3";16;14;10;3;7;"x";7;FALSE
"-2,-2,-2,-1,-2,-1,3,3";16;14;9;3;8;"m";14;FALSE
"-2,-2,-3,-2,-3,-2,-2";16;13;6;2;7;"z";4;FALSE
"-2,-2,-6,1,2,1,-3,-3,2,3";16;9;1;2;10;"u3";1;TRUE
"-2,-2,2,-2,-3,3,-3";16;14;11;2;7;"v3";1;TRUE
"-2,-3,-1,-1,-2,-3,3";16;14;9;2;7;"d1";3;FALSE
"-2,-3,3,2,-2,-3,3";16;13;10;2;7;"w3";1;TRUE
"-2,-8,3,4,-2,-2,-1";16;14;5;3;7;"x3";1;TRUE
"-3,1,-3,2,1,2,2";16;16;10;2;7;"d";20;FALSE
"-3,1,2,2,3,4,-2";16;13;9;3;7;"b";16;FALSE
"-3,3,-3,-4,7,-3,3,-3";16;2;2;2;8;"j3";3;FALSE
"-3,3,2,1,-1,-2,-3";16;12;11;2;7;"y3";1;TRUE
"-4,1,1,-2,-2,-1,-2,-2,-1,3";16;15;1;2;10;"a3";2;FALSE
"1,-3,-3,2,3,-2,-1";16;9;1;2;7;"z3";1;TRUE
"1,1,-2,-2,-1,-2,-2,-1,3,3";16;15;1;2;10;"w";4;FALSE
"1,2,1,2,-3,-2,-1";16;16;13;2;7;"a4";1;TRUE
"1,2,1,2,2,3,-1,-2,-2";16;14;12;2;9;"b";17;FALSE
"1,2,2,1,1,1,-3";16;15;12;2;7;"b4";1;TRUE
"1,2,2,3,4,-2,-2";16;15;13;2;7;"c4";1;TRUE
"2,1,2,2,1,2,-3,1";16;16;8;2;8;"t";6;FALSE
"2,2,1,2,2,-4,-1";16;16;14;2;7;"v2";2;FALSE
"2,2,1,2,2,3,2";16;14;12;2;7;"f";13;FALSE
"2,2,2,1,2,2,-4";16;16;9;2;7;"d4";1;TRUE
"2,2,3,4,-2,-2,-3";16;13;11;2;7;"f1";8;FALSE
"2,3,4,1,-1,-2,-2";16;16;12;2;7;"a2";4;FALSE
"3,-1,-1,-1,-2,-2,-1,-2,-2";16;14;9;2;9;"e4";1;TRUE
"3,-3,1,2,-2,-1,-2,-2";16;15;8;3;8;"o";6;FALSE
"3,-3,1,2,1,2,1,1";16;14;9;2;8;"d";21;FALSE
"3,-3,1,2,2,3,2";16;16;14;3;7;"d";22;FALSE
"3,-3,1,4,3,4,1";16;16;10;3;7;"b2";4;FALSE
"3,-3,2,-2,3,-3,2,-2,3";16;5;2;2;9;"m1";5;FALSE
"3,2,-2,-3,3,2,-2";16;12;9;2;7;"i1";7;FALSE
"3,2,-2,2,-2,-3,-2";16;16;9;2;7;"i1";8;FALSE
"3,2,1,1,-1,-1,-2";16;14;11;2;7;"f4";1;TRUE
"3,3,3,-3,1,1,-2";16;16;9;3;7;"v";4;FALSE
"3,4,-1,-1,-1,-1,-3";16;16;7;3;7;"l";4;FALSE
"3,4,-2,-2,-1,-2,-1";16;15;14;3;7;"u";6;FALSE
"3,4,-2,-2,-1,3,3";16;14;5;3;7;"m3";2;FALSE
"3,4,-3,1,2,1,2";16;15;7;2;7;"d";23;FALSE
"4,-2,-2,-1,-2,-2,-1,-1";16;15;13;2;8;"g4";1;TRUE
"5,-1,-1,-1,-2,-2,-1";16;14;9;2;7;"c";18;FALSE
"-1,-1,-1,-1,-1,-2,-2,-1,3";15;12;8;3;9;"c";19;FALSE
"-1,-1,-1,-1,-2,-2,-3";15;14;13;2;7;"u1";2;FALSE
"-1,-1,-1,-1,-3,1,2";15;14;7;3;7;"u1";3;FALSE
"-1,-2,-1,-2,-1,-3,-1,-2";15;14;11;3;8;"y1";7;FALSE
"-1,-2,-1,-3,-1,-2,-2,2";15;14;10;2;8;"g";11;FALSE
"-1,-2,-1,1,3,-3,-4,-3";15;12;5;3;8;"x1";2;FALSE
"-1,-2,-1,1,7,-2,-2,-3";15;11;3;2;8;"h4";1;TRUE
"-1,-2,-1,3,-1,-2,1";15;11;6;2;7;"g";12;FALSE
"-1,-2,-1,3,-2,-2,-1,-2";15;12;10;2;8;"q";5;FALSE
"-1,-2,-1,3,3,3,-3,1,1";15;13;9;3;9;"v";5;FALSE
"-1,-2,-2,-1,-2,-1,3,3";15;12;6;3;8;"m";15;FALSE
"-1,-2,-2,-2,-1,-2,-2,-1,3";15;13;8;3;9;"m";16;FALSE
"-1,-2,-2,-3,1,2,2";15;14;11;2;7;"i4";1;TRUE
"-1,3,-2,2,1,2,2";15;15;12;2;7;"o1";2;FALSE
"-1,3,-3,1,2,1,2";15;14;12;2;7;"d";24;FALSE
"-1,3,3,3,-1,-5,3";15;14;8;3;7;"j4";1;TRUE
"-2,-1,-2,-1,3,-2,2";15;13;10;3;7;"e";21;FALSE
"-2,-1,-2,-2,-1,-1,-3";15;15;9;2;7;"i";10;FALSE
"-2,-1,-2,-2,-1,3,3,3,-1";15;13;3;3;9;"e";22;FALSE
"-2,-1,-2,-2,-6,1,2,1,-3,-3";15;8;1;2;10;"k4";1;TRUE
"-2,-1,1,7,-2,-2,-3,-4";15;11;3;2;8;"e3";3;FALSE
"-2,-1,3,2,2,3,-2,-1";15;13;6;3;8;"l4";1;TRUE
"-2,-1,3,3,3,-1,-5";15;15;8;3;7;"a";19;FALSE
"-2,-2,-1,-2,-1,1,7,-2";15;10;3;2;8;"j2";3;FALSE
"-2,-2,-1,-2,-1,3,3,3,-1";15;13;5;3;9;"e";23;FALSE
"-2,-2,-1,-2,-2,2,2,3";15;10;7;3;8;"k";4;FALSE
"-2,-2,-1,3,3,3,-1,-2,-1";15;12;4;3;9;"a";20;FALSE
"-2,-2,-1,3,3,4,-2,-2";15;11;10;3;8;"f3";2;FALSE
"-2,-2,-3,3,2,2,-2";15;10;9;2;7;"m2";4;FALSE
"-2,-2,-8,3,4,-2,-2";15;11;1;3;7;"x3";2;FALSE
"-2,-3,-2,-3,-1,-1,-2,-3";15;13;7;2;8;"z";5;FALSE
"-2,-3,3,2,-2,2,-2";15;15;13;3;7;"m2";5;FALSE
"-2,2,-2,-3,2,-2,-2";15;13;4;2;7;"u2";2;FALSE
"-3,-2,-2,-1,-2,-2,-3";15;14;12;2;7;"d1";4;FALSE
"-3,-2,2,-2,2,-2,2";15;12;8;2;7;"m4";1;TRUE
"-3,1,1,1,-3,1,1";15;7;4;2;7;"n";9;FALSE
"-3,1,2,1,2,2,-2";15;15;11;2;7;"d";25;FALSE
"-3,1,2,1,2,2,3,4";15;13;10;3;8;"y";5;FALSE
"-3,1,2,1,2,2,7";15;15;7;2;7;"d";26;FALSE
"-3,2,1,2,2,1,2";15;15;13;3;7;"f";14;FALSE
"-4,-1,-2,5,-3,1,2";15;14;8;2;7;"n4";1;TRUE
"-4,3,-3,1,2,1,2,2";15;13;11;2;8;"d";27;FALSE
"1,-1,-2,-1,3,-2,-2";15;14;12;2;7;"o4";1;TRUE
"1,1,1,1,-7,3,1";15;6;5;2;7;"p4";1;TRUE
"1,2,-2,-1,-2,-1,3,3";15;13;7;3;8;"q4";1;TRUE
"1,2,-3,1,-3,2,1";15;12;10;2;7;"s";5;FALSE
"1,2,1,1,5,-1,-1";15;12;8;3;7;"r4";1;TRUE
"1,7,-2,-2,-3,-4,-3";15;10;5;2;7;"e3";4;FALSE
"2,-2,-2,-3,3,2,2";15;9;9;2;7;"i4";2;FALSE
"2,-2,-3,3,2,-2,-3";15;10;8;2;7;"w3";2;FALSE
"2,-2,2,1,-3,2,-2";15;13;11;2;7;"s4";1;TRUE
"2,1,-3,-3,2,3,-2";15;8;1;2;7;"b3";3;FALSE
"2,1,2,-5,2,1,2";15;10;10;2;7;"t";7;FALSE
"2,1,2,2,2,1,-3";15;14;10;2;7;"t";8;FALSE
"2,1,2,2,2,3,2";15;14;12;2;7;"t4";1;TRUE
"2,1,2,2,3,-1,-1";15;14;9;2;7;"b";18;FALSE
"2,1,2,2,3,2,2";15;13;10;2;7;"b";19;FALSE
"2,2,3,-1,-1,-1,-2,-2";15;11;6;3;8;"a2";5;FALSE
"2,2,3,4,1,-1,-2";15;15;10;2;7;"u4";1;TRUE
"2,3,-1,-2,-2,-2,-1";15;15;12;2;7;"e1";6;FALSE
"3,-1,-1,-1,-2,-1,-2";15;15;12;3;7;"a2";6;FALSE
"3,-1,-2,-1,3,3,4";15;12;8;3;7;"e";24;FALSE
"3,-1,1,-1,1,-1,1";15;15;10;2;7;"v4";1;TRUE
"3,-3,1,4,3,4,3";15;14;11;2;7;"b2";5;FALSE
"3,-3,2,-2,3,-3,2,-2,3,-3";15;4;1;2;10;"o2";3;FALSE
"3,2,-2,2,-2,2,-2,2";15;15;11;2;8;"i1";9;FALSE
"3,2,2,-2,-2,-3,3";15;10;9;2;7;"w4";1;TRUE
"3,4,-2,-2,-2,-1,-2";15;9;9;3;7;"x4";1;TRUE
"3,4,3,-1,-1,-1,-2";15;14;9;3;7;"u";7;FALSE
"3,4,3,-2,-1,-2,-1";15;15;8;3;7;"u";8;FALSE
"4,-2,-2,-3,-2,-2,-1";15;9;6;2;7;"c1";7;FALSE
"7,-3,3,-3,-4,7,-3";15;4;4;2;7;"j3";4;FALSE
"-1,-1,-1,-1,-2,-2,-1,3,3";14;11;5;3;9;"c";20;FALSE
"-1,-1,-2,-1,3,4,3";14;12;3;3;7;"e";25;FALSE
"-1,-1,-2,-2,-1,3,3,3,-1,-2";14;11;5;3;10;"i2";3;FALSE
"-1,-2,-1,-6,3,-1,-2";14;13;9;2;7;"y4";1;TRUE
"-1,-2,-1,1,7,-2,-2,-3,-4";14;10;3;2;9;"e3";5;FALSE
"-1,-2,-1,3,-3,1,2,1";14;12;9;2;8;"h1";4;FALSE
"-1,-2,-1,9,-1,-2,-2";14;13;8;3;7;"g";13;FALSE
"-1,-2,-2,-1,3,-3,1,2,2";14;12;9;2;9;"l1";5;FALSE
"-1,-2,-2,-1,3,3,3,-1,-2,-1";14;11;4;3;10;"i2";4;FALSE
"-1,-2,-2,-3,-2,-2,-1,-2";14;11;9;2;8;"c1";8;FALSE
"-1,-2,-2,-6,1,2,1,-3,-3,2";14;8;1;2;10;"u3";2;FALSE
"-1,-2,-3,-2,-3,-1,-1";14;14;11;2;7;"z4";1;TRUE
"-1,-2,-3,-2,-3,-2,-2";14;14;12;2;7;"z";6;FALSE
"-1,1,2,-3,1,2,2";14;13;9;3;7;"s";6;FALSE
"-1,3,3,4,-2,-2,-1";14;12;11;3;7;"x3";3;FALSE
"-1,3,4,3,-3,1,2";14;12;8;3;7;"v";6;FALSE
"-2,-1,-2,-1,-2,-1,3";14;14;9;2;7;"e";26;FALSE
"-2,-1,-2,-1,1,2,-3,1";14;12;6;3;8;"v1";6;FALSE
"-2,-1,-2,-2,-3,-2,-2,-1";14;14;9;2;8;"c1";9;FALSE
"-2,-1,-2,-2,-3,1,2";14;14;11;3;7;"o1";3;FALSE
"-2,-1,-3,1,2,1,2";14;13;9;3;7;"o1";4;FALSE
"-2,-1,1,2,-3,1,2,1";14;12;6;3;8;"a5";1;TRUE
"-2,-1,3,-2,-1,-2,-1";14;13;9;3;7;"q";6;FALSE
"-2,-2,-1,-3,1,2,1";14;14;9;3;7;"l1";6;FALSE
"-2,-2,-3,7,-2,-2,-3";14;8;7;2;7;"z";7;FALSE
"-2,-3,1,2,-2,-1,-2";14;11;6;3;7;"o";7;FALSE
"-2,-6,1,2,1,-3,-3,2,3,-2";14;8;1;2;10;"u3";3;FALSE
"-2,2,-2,-3,3,-3,-2";14;12;9;2;7;"v3";2;FALSE
"-2,2,-2,-3,3,2,-2";14;11;9;2;7;"b5";1;TRUE
"-2,2,-2,2,-2,-2,-3";14;10;7;2;7;"z";8;FALSE
"-3,-1,-1,-1,-2,-1,-2";14;8;5;2;7;"x2";2;FALSE
"-3,-2,-1,-2,-2,-1,-1";14;12;8;2;7;"i";11;FALSE
"-3,-2,-1,9,-3,1,1";14;13;9;3;7;"h1";5;FALSE
"-3,-4,7,-3,3,-3,-4,7,-3";14;3;3;2;9;"c5";1;TRUE
"-3,1,2,2,1,1,1";14;12;11;2;7;"n";10;FALSE
"-3,1,2,2,2,1,2,2";14;13;11;2;8;"d5";1;TRUE
"-3,1,4,3,4,3,-2";14;14;12;2;7;"e5";1;TRUE
"-3,2,-4,2,-4,2,-3";14;14;8;3;7;"k3";2;FALSE
"-3,2,3,-2,-1,1,4,3";14;10;1;3;8;"g1";5;FALSE
"-3,3,-3,1,2,1,2";14;14;12;2;7;"d";28;FALSE
"-3,3,4,-4,4,3,-3";14;11;8;2;7;"f5";1;TRUE
"-4,-1,-2,5,-1,-1,-1";14;12;10;2;7;"g5";1;TRUE
"0,-1,0,-1,0,-1,0";14;9;7;2;7;"h5";1;TRUE
"0,0,-1,1,0,0,0,0";14;10;8;2;8;"z2";3;FALSE
"1,-1,1,-1,1,-1,1,-3";14;13;10;2;8;"v4";2;FALSE
"1,-3,1,1,1,-3,1";14;7;4;2;7;"i5";1;TRUE
"1,-4,3,-2,-2,-1,-2";14;12;5;2;7;"j5";1;TRUE
"1,-7,3,1,1,1,1";14;6;5;2;7;"l3";2;FALSE
"1,1,2,-3,1,2,1";14;12;8;2;7;"s";7;FALSE
"1,2,-3,1,2,2,-4";14;12;11;2;7;"s";8;FALSE
"1,2,2,3,-1,-1,-1";14;13;8;3;7;"k5";1;TRUE
"1,2,2,3,4,1,-1";14;14;12;2;7;"c4";2;FALSE
"1,3,4,3,-3,1,2";14;11;4;3;7;"l5";1;TRUE
"2,-2,-1,1,2,-3,1";14;14;11;3;7;"v1";7;FALSE
"2,-4,-1,-2,5,-1,-1";14;11;8;2;7;"g5";2;FALSE
"2,1,-3,-3,2,3,-2,-1";14;7;1;2;8;"z3";2;FALSE
"2,1,2,1,2,1,3";14;14;9;2;7;"n";11;FALSE
"2,1,2,2,3,-1,-2,-2,-2";14;14;12;2;9;"b";20;FALSE
"2,2,1,-1,-2,-2,-3";14;14;10;2;7;"f1";9;FALSE
"2,2,1,2,2,-4,2";14;11;8;2;7;"f";15;FALSE
"2,2,1,2,2,3,-3";14;14;12;2;7;"y";6;FALSE
"2,2,2,1,2,1,-3";14;11;6;2;7;"t";9;FALSE
"2,2,3,-2,-1,-2,-1";14;14;7;3;7;"f1";10;FALSE
"2,2,3,-2,2,1,2";14;9;6;2;7;"n1";4;FALSE
"2,3,2,2,1,2,2";14;14;11;2;7;"t";10;FALSE
"3,-1,-2,-2,-1,-2,-2";14;14;11;3;7;"u";9;FALSE
"3,-1,-2,1,2,2,3";14;10;7;2;7;"k";5;FALSE
"3,-3,1,2,1,1,1,1";14;9;8;2;8;"n";12;FALSE
"3,-3,2,-2,-2,-1,-1";14;12;10;3;7;"m5";1;TRUE
"3,2,1,-1,-2,-3,-2";14;13;9;2;7;"y3";2;FALSE
"3,3,3,-1,-2,-1,3";14;10;5;2;7;"m3";3;FALSE
"3,4,-4,4,3,-3,3";14;11;7;2;7;"f5";2;FALSE
"4,1,-1,-2,-2,-1,-2";14;12;10;3;7;"n5";1;TRUE
"-1,-1,-1,-2,-1,-2,-1,-4";13;12;8;2;8;"c";21;FALSE
"-1,-1,-1,-2,-1,3,-2";13;13;10;2;7;"c";22;FALSE
"-1,-1,-1,-2,-2,-1,-4";13;7;4;3;7;"c";23;FALSE
"-1,-1,-1,-4,-1,-2,-1";13;13;8;2;7;"s3";2;FALSE
"-1,-1,-2,-1,-2,-2,-3";13;12;7;3;7;"o5";1;TRUE
"-1,-1,2,1,2,2,-4";13;10;7;2;7;"d4";2;FALSE
"-1,-1,4,-5,-2,5,-2";13;13;7;3;7;"p5";1;TRUE
"-1,-2,-1,-2,-1,3,3,3,-1";13;12;5;3;9;"e";27;FALSE
"-1,-2,-1,-2,-2,2,2,3";13;10;6;2;8;"k";6;FALSE
"-1,-2,-1,-9,3,3,-1,-2,-2";13;10;2;2;9;"p";2;FALSE
"-1,-2,-2,-1,-1,4,-2";13;12;11;2;7;"i";12;FALSE
"-1,-2,-2,-1,-2,-1,-3,-1";13;13;12;3;8;"m";17;FALSE
"-1,-2,-2,-1,-2,-2,-2,-1,3";13;13;10;2;9;"m";18;FALSE
"-1,-2,1,2,2,3,4";13;11;7;2;7;"y";7;FALSE
"-1,3,-3,1,2,1,2,2";13;13;11;2;8;"d";29;FALSE
"-1,3,3,3,-1,-2,-1,3";13;9;5;2;8;"j4";2;FALSE
"-2,-1,-1,-1,-2,-2,-3";13;12;8;2;7;"o5";2;FALSE
"-2,-1,-1,2,2,3,4,-2";13;11;11;2;8;"y2";2;FALSE
"-2,-1,-2,-1,-3,-1,-2,-1";13;11;11;2;8;"g";14;FALSE
"-2,-1,-2,-1,1,3,-3,-4,-3";13;11;5;3;9;"x1";3;FALSE
"-2,-1,-2,-2,-1,-1,4,-5,-2";13;11;7;3;9;"i";13;FALSE
"-2,-1,-2,-2,-4,-1,-2,-1";13;11;7;3;8;"q5";1;TRUE
"-2,-1,-3,-1,-1,-1,-2";13;9;8;2;7;"g3";2;FALSE
"-2,-1,-3,-1,-2,-2,-1,-2";13;10;8;2;8;"g3";3;FALSE
"-2,-1,3,-2,2,1,2,2";13;13;10;2;8;"o1";5;FALSE
"-2,-1,3,3,3,-1,-5,3";13;13;8;3;8;"a";21;FALSE
"-2,-1,3,3,4,-2,-2,-1";13;11;10;3;8;"x3";4;FALSE
"-2,-1,3,3,4,-2,-3";13;9;3;3;7;"r5";1;TRUE
"-2,-1,9,-3,1,1,-4";13;10;6;3;7;"h1";6;FALSE
"-2,-2,-1,-1,2,-3,-2";13;13;11;2;7;"x";8;FALSE
"-2,-2,-1,-2,-1,1,7,-2,-2";13;8;3;2;9;"j2";4;FALSE
"-2,-2,-1,-2,-2,-1,3,3,3";13;10;2;3;9;"e";28;FALSE
"-2,-2,-2,-1,-2,-2,-3";13;10;4;3;7;"z";9;FALSE
"-2,-2,-2,-1,3,2,2,3";13;12;8;3;8;"x";9;FALSE
"-2,-2,-3,1,2,-2,-1";13;13;6;3;7;"r3";2;FALSE
"-2,-3,-2,7,-2,-3,-2";13;8;7;2;7;"s5";1;TRUE
"-2,1,2,1,2,2,3";13;11;7;2;7;"y";8;FALSE
"-2,2,1,2,2,3,4";13;13;12;2;7;"y";9;FALSE
"-3,-1,-2,-2,-1,-2,-1";13;12;10;2;7;"m";19;FALSE
"-3,-2,2,-2,-2,2,-2";13;12;10;2;7;"u2";3;FALSE
"-3,-4,-3,9,-2,-2,-1";13;11;8;3;7;"t5";1;TRUE
"-3,-4,7,-3,3,-3,-4,7,-3,3";13;2;2;2;10;"c5";2;FALSE
"-3,1,2,1,1,5,-1";13;10;8;3;7;"r4";2;FALSE
"-3,1,2,1,2,1,1,1";13;13;9;3;8;"n";13;FALSE
"-3,1,2,1,2,2,3,-1,-2";13;12;10;2;9;"b";21;FALSE
"-3,1,2,2,1,2,2,2";13;13;9;3;8;"d5";2;FALSE
"-3,1,2,2,2,1,2,1";13;8;3;2;8;"n";14;FALSE
"-3,2,-2,-2,-1,-1,-1";13;12;7;3;7;"m5";2;FALSE
"-3,2,-3,1,2,1,2";13;11;7;2;7;"c2";3;FALSE
"-3,3,-3,-2,2,-2,-3";13;11;10;3;7;"h3";2;FALSE
"-3,3,2,-2,-3,3,2";13;10;9;2;7;"w3";3;FALSE
"-4,-3,2,3,-2,-1,1";13;7;1;2;7;"u5";1;TRUE
"-4,1,3,4,3,-3,1";13;12;4;3;7;"r2";2;FALSE
"-4,2,2,1,2,2,1";13;13;10;2;7;"s";9;FALSE
"-4,7,-3,3,-3,-4,7,-3,3,-3";13;2;2;2;10;"c5";3;FALSE
"-5,2,1,2,2,2,1";13;11;7;2;7;"l2";2;FALSE
"-5,3,-3,1,4,3,4";13;13;11;3;7;"b2";6;FALSE
"-6,1,2,1,-3,-3,2,3,-2,-1";13;7;1;2;10;"v5";1;TRUE
"-8,3,4,-2,-2,-1,3";13;12;3;3;7;"x3";5;FALSE
"1,-1,-2,-2,-1,-2,-1,3";13;12;6;3;8;"m";20;FALSE
"1,-3,2,-4,2,-4,2,-3";13;13;8;3;8;"k3";3;FALSE
"1,2,-3,1,2,-2,-1";13;11;6;3;7;"s";10;FALSE
"1,2,-3,1,2,1,1,1";13;11;6;2;8;"s";11;FALSE
"1,2,1,1,1,1,1,-3";13;11;8;2;8;"b4";2;FALSE
"1,2,1,2,2,2,3";13;12;9;2;7;"y";10;FALSE
"1,2,2,2,1,2,2,3";13;13;11;2;8;"d4";3;FALSE
"1,4,3,4,-2,-2,-1";13;13;9;2;7;"x3";6;FALSE
"2,-2,-2,-3,5,-2,-3";13;11;9;2;7;"s2";3;FALSE
"2,-2,-3,3,-3,-2,2";13;11;10;3;7;"h3";3;FALSE
"2,-2,-3,3,2,-2,2";13;11;10;3;7;"b5";2;FALSE
"2,1,-1,-2,-1,3,-2";13;13;10;3;7;"o4";2;FALSE
"2,1,2,-3,-2,-2,-3";13;11;9;2;7;"w5";1;TRUE
"2,1,2,-3,1,2,2,1";13;10;8;2;8;"s";12;FALSE
"2,1,2,1,1,3,-3";13;12;9;2;7;"t";11;FALSE
"2,1,2,2,2,5,-2";13;11;7;2;7;"b";22;FALSE
"2,2,-2,-2,-3,3,2";13;8;6;2;7;"w4";2;FALSE
"2,2,1,2,2,2,3";13;10;7;2;7;"n1";5;FALSE
"2,2,3,-1,-1,-1,-2,-2,-1";13;9;5;3;9;"f1";11;FALSE
"2,3,-2,-1,1,4,3,2";13;11;3;3;8;"g1";6;FALSE
"3,-1,-2,-2,-1,-1,-1,-2";13;11;7;2;8;"x5";1;TRUE
"3,-2,-1,1,4,3,2,2";13;11;3;3;8;"r1";3;FALSE
"3,-2,-2,-1,-2,-1,1";13;10;4;2;7;"m";21;FALSE
"3,-2,-2,-1,-2,-2,-1";13;12;8;2;7;"c1";10;FALSE
"3,-3,1,2,2,3,4";13;13;10;3;7;"y";11;FALSE
"3,2,-2,2,-2,2,-2,2,-2";13;13;9;2;9;"i1";10;FALSE
"3,2,2,-2,-2,-3,-2";13;10;7;2;7;"t1";4;FALSE
"3,2,2,1,2,1,1";13;13;9;3;7;"n";15;FALSE
"3,2,2,3,-3,1,2,2";13;11;8;3;8;"j";10;FALSE
"3,2,3,2,2,3,2";13;12;8;2;7;"d2";3;FALSE
"3,4,3,4,-1,-1,-1,-1";13;11;4;3;8;"l";5;FALSE
"4,1,-1,-2,-2,-3,-2";13;12;9;3;7;"n5";2;FALSE
"4,1,1,1,-1,-1,-1";13;13;7;3;7;"i3";2;FALSE
"4,3,4,-1,-1,-1,-1,-3";13;13;6;3;8;"l";6;FALSE
"4,3,4,1,1,1,-3";13;9;4;3;7;"l3";3;FALSE
"-1,-1,-1,-1,-4,-1,-2";12;12;7;2;7;"y5";1;TRUE
"-1,-1,-1,-2,-1,3,-3";12;10;8;3;7;"c";24;FALSE
"-1,-1,-1,-2,-2,-1,-3";12;8;6;2;7;"c";25;FALSE
"-1,-1,-1,2,2,-4,2";12;7;5;2;7;"z5";1;TRUE
"-1,-1,-1,4,-2,-3,-2,-2";12;2;1;1;8;"q3";2;FALSE
"-1,-1,-2,-1,-1,-3,-4";12;9;6;2;7;"u1";4;FALSE
"-1,-1,-2,-1,-2,-1,3,3,3";12;12;3;3;9;"e";29;FALSE
"-1,-2,-1,-2,-3,1,1";12;11;8;3;7;"h1";7;FALSE
"-1,-2,-1,3,3,3,-1,-5";12;12;7;3;8;"a";22;FALSE
"-1,-2,-2,-1,-1,-3,2";12;10;8;2;7;"q1";3;FALSE
"-1,-2,-2,-1,-1,2,2,3";12;11;9;3;8;"x";10;FALSE
"-1,-2,-2,-1,-1,4,-5,-2,5";12;11;7;3;9;"s1";5;FALSE
"-1,-2,-2,-1,-2,-1,3,3,3";12;10;5;3;9;"e";30;FALSE
"-1,-2,-2,-1,3,-2,-1,-2";12;11;10;3;8;"m";22;FALSE
"-1,-2,-2,-1,3,3,3,-3";12;10;5;3;8;"h";9;FALSE
"-1,-2,-3,-2,-3,-1,-1,-2";12;12;9;2;8;"z4";2;FALSE
"-1,-2,5,-2,-1,-2,-2";12;12;9;2;7;"g";15;FALSE
"-1,-2,5,-2,-1,-2,5";12;7;5;2;7;"g2";3;FALSE
"-1,-3,-1,-1,-1,-2,-1,-2,-1";12;6;4;2;9;"s3";3;FALSE
"-1,-3,1,2,-2,-1,-2";12;10;5;3;7;"o";8;FALSE
"-1,-3,1,2,1,2,1";12;12;11;3;7;"d";30;FALSE
"-1,2,1,2,2,3,-1";12;11;9;2;7;"b";23;FALSE
"-1,3,-2,-1,-2,-2,-2";12;12;9;3;7;"e1";7;FALSE
"-1,3,-2,-2,-1,-2,-2";12;12;11;2;7;"p1";3;FALSE
"-1,3,3,3,-3,1,1,-2";12;12;7;3;8;"v";7;FALSE
"-2,-1,-1,-1,-2,-1,3";12;12;6;3;7;"c";26;FALSE
"-2,-1,-2,-1,-9,3,3,-1,-2";12;7;2;2;9;"p";3;FALSE
"-2,-1,-2,-1,1,7,-2,-2,-3";12;9;3;2;9;"j2";5;FALSE
"-2,-1,-2,-1,3,-2,-1";12;12;9;3;7;"e";31;FALSE
"-2,-1,-2,-1,3,3,4";12;9;6;3;7;"e";32;FALSE
"-2,-1,-2,-1,9,-1,-2,-2";12;11;7;3;8;"g";16;FALSE
"-2,-1,-2,-2,-1,3,-3,1,2";12;11;9;2;9;"l1";7;FALSE
"-2,-1,-2,-2,-1,3,3,4,-2";12;12;1;3;9;"h";10;FALSE
"-2,-1,1,2,-3,1,-5";12;12;7;3;7;"v1";8;FALSE
"-2,-1,3,-2,-2,-1,3";12;12;10;2;7;"c";27;FALSE
"-2,-1,3,-3,1,2,1,2";12;11;10;2;8;"o1";6;FALSE
"-2,-1,3,3,3,-1,-1";12;10;7;3;7;"a";23;FALSE
"-2,-1,3,3,3,-1,-2,-1,3";12;8;4;2;9;"a";24;FALSE
"-2,-1,3,4,3,-2,-1";12;9;5;3;7;"e2";2;FALSE
"-2,-1,3,4,3,-3,1,2";12;10;6;3;8;"r2";3;FALSE
"-2,-1,5,-2,-2,-1,5";12;4;3;2;7;"a6";1;TRUE
"-2,-2,-1,-1,-1,-2,-2,-1,3";12;10;6;2;9;"c";28;FALSE
"-2,-2,-1,-1,2,-3,3";12;11;9;3;7;"x";11;FALSE
"-2,-2,-1,-2,-1,1,3";12;10;6;3;7;"m";23;FALSE
"-2,-2,-1,-2,-2,-1,-1,4,-5";12;10;8;3;9;"i";14;FALSE
"-2,-2,-1,3,-2,-1,-2,-2";12;11;8;3;8;"q";7;FALSE
"-2,-2,-1,3,3,3,-3,1,1";12;12;6;3;9;"v";8;FALSE
"-2,-2,-1,3,3,4,-4";12;10;7;2;7;"h";11;FALSE
"-2,-2,-2,-1,-2,-1,9";12;9;5;3;7;"m";24;FALSE
"-2,-2,-3,-2,-2,-1,1";12;12;8;2;7;"c1";11;FALSE
"-2,-2,-3,1,2,2,2";12;10;9;2;7;"l2";3;FALSE
"-2,-2,-3,2,-2,-2,-3";12;11;8;2;7;"z";10;FALSE
"-2,-2,-3,3,2,2,-2,-2";12;8;7;2;8;"m2";6;FALSE
"-2,-2,-4,-1,-2,-1,3";12;10;5;3;7;"m";25;FALSE
"-2,-2,-8,3,4,-2,-2,-1";12;10;1;3;8;"x3";7;FALSE
"-2,-2,2,2,-2,-2,-3";12;11;9;2;7;"b6";1;TRUE
"-2,-2,2,2,3,5,-3";12;10;4;2;7;"b6";2;FALSE
"-2,-3,-1,-1,-2,-3,-2";12;11;7;2;7;"d1";5;FALSE
"-2,-3,-2,-2,2,2,3";12;9;8;2;7;"k";7;FALSE
"-2,-3,-2,-3,-2,-2,-3,-2";12;11;9;2;8;"z";11;FALSE
"-2,-3,3,2,2,-2,-2,-3";12;7;7;2;8;"m2";7;FALSE
"-2,2,-2,2,-2,2,-2,3";12;11;6;2;8;"i1";11;FALSE
"-2,2,-3,1,2,1,2";12;11;7;2;7;"c2";4;FALSE
"-2,2,1,2,2,3,-1,-2";12;12;9;2;8;"b";24;FALSE
"-2,2,2,3,-2,2,2";12;10;7;2;7;"n1";6;FALSE
"-3,-4,-3,3,4,3,4";12;9;7;2;7;"c6";1;TRUE
"-3,1,-1,-2,-2,-1,-2";12;11;8;3;7;"n5";3;FALSE
"-3,1,-1,1,-1,1,-1";12;11;7;2;7;"n3";2;FALSE
"-3,1,-3,2,-4,2,-3";12;12;11;2;7;"d6";1;TRUE
"-3,1,2,1,1,5,-1,-1";12;9;7;3;8;"r4";3;FALSE
"-3,1,2,1,2,2,-4,-1,-2";12;11;8;2;9;"v2";3;FALSE
"-3,1,2,1,2,2,2,5";12;8;5;2;8;"v2";4;FALSE
"-3,1,2,2,-4,2,2";12;10;8;2;7;"d5";3;FALSE
"-3,1,4,3,4,-1,-1";12;10;6;3;7;"e5";2;FALSE
"-3,1,4,3,4,1,1,1";12;8;3;3;8;"l3";4;FALSE
"-3,3,4,-4,4,3,-3,3";12;9;6;2;8;"f5";3;FALSE
"-4,-1,-2,-2,-1,3,3";12;9;4;3;7;"h";12;FALSE
"-4,-1,-2,5,-2,-1,-2";12;12;9;2;7;"g2";4;FALSE
"-4,1,-4,1,-4,1,-4,1,-4,1";12;5;3;3;10;"e6";1;TRUE
"-4,7,-3,1,2,1,2";12;10;9;2;7;"f6";1;TRUE
"-5,3,-3,1,2,2,3";12;11;7;2;7;"d3";2;FALSE
"0,0,0,-1,1,0,0,0";12;8;8;2;8;"g6";1;TRUE
"1,-1,-2,-2,-1,-1,4";12;12;9;2;7;"i";15;FALSE
"1,-2,-2,-1,-2,-2,-1,3,3,4";12;12;1;2;10;"w";5;FALSE
"1,-3,2,-4,2,-3,1";12;12;11;2;7;"k3";4;FALSE
"1,1,1,-1,-1,-1,-4";12;10;6;3;7;"i3";3;FALSE
"1,1,1,-3,1,-2,1";12;6;4;2;7;"w2";2;FALSE
"1,1,1,-7,3,1,1";12;4;3;2;7;"w2";3;FALSE
"1,1,1,1,-3,1,-2";12;6;4;2;7;"i5";2;FALSE
"1,2,-3,1,-3,2,1,2";12;11;9;2;8;"s";13;FALSE
"1,2,1,2,1,2,-3";12;12;10;2;7;"t";12;FALSE
"1,2,2,1,2,2,3";12;12;9;2;7;"s";14;FALSE
"1,2,2,2,1,2,-3,1";12;12;5;2;8;"h6";1;TRUE
"1,4,3,4,1,1,1,-3";12;8;3;3;8;"l3";5;FALSE
"2,-2,-1,-2,-1,3,3,3";12;10;6;3;8;"e";33;FALSE
"2,-2,-2,-1,-2,-1,3";12;12;9;3;7;"m";26;FALSE
"2,-2,-2,2,-2,-3,3";12;10;9;2;7;"u2";4;FALSE
"2,-3,1,-3,2,1,2,2";12;12;7;2;8;"d";31;FALSE
"2,-3,1,2,1,2,2,-4";12;11;9;3;8;"d";32;FALSE
"2,1,1,1,1,1,-3,1";12;8;6;3;8;"i5";3;FALSE
"2,1,2,-2,-1,-2,-1,3";12;10;5;3;8;"q4";2;FALSE
"2,1,2,-3,1,2,1,2";12;10;8;3;8;"i6";1;TRUE
"2,1,2,2,3,-3,1";12;11;10;2;7;"b";25;FALSE
"2,1,4,-2,-2,-1,-2";12;11;9;2;7;"n5";4;FALSE
"2,2,-2,2,-2,-2,-3";12;11;9;2;7;"j6";1;TRUE
"2,2,1,2,-3,1,-3";12;12;7;2;7;"f";16;FALSE
"2,2,1,2,2,-4,-1,-2";12;12;11;2;8;"b";26;FALSE
"2,2,3,-1,-2,-2,-2,-1";12;12;11;2;8;"f1";12;FALSE
"2,2,3,-3,1,2,1,2";12;9;7;2;8;"j";11;FALSE
"2,2,3,-3,1,4,3,4";12;12;10;3;8;"b2";7;FALSE
"2,2,3,4,-3,1,2";12;11;7;2;7;"f";17;FALSE
"2,2,3,4,1,-1,-2,-2";12;12;8;2;8;"u4";2;FALSE
"2,3,-2,2,1,2,2";12;8;6;2;7;"q2";3;FALSE
"2,3,-3,1,2,-2,-1";12;11;5;3;7;"r3";3;FALSE
"2,3,-3,1,2,2,1";12;10;6;3;7;"j";12;FALSE
"2,3,-3,3,-3,3,-3";12;12;9;2;7;"k6";1;TRUE
"3,-2,-2,-1,-2,-2,-2";12;11;9;2;7;"e1";8;FALSE
"3,-3,1,2,1,1,1,1,1";12;8;7;2;9;"l6";1;TRUE
"3,-3,1,2,2,2,1";12;11;9;3;7;"d";33;FALSE
"3,1,-1,1,-1,1,-1";12;12;9;2;7;"n3";3;FALSE
"3,1,1,1,1,-7,3,1";12;4;4;2;8;"p4";2;FALSE
"3,2,1,-1,-2,2,-2";12;11;10;2;7;"i1";12;FALSE
"3,2,2,1,2,2,2";12;12;11;2;7;"d2";4;FALSE
"3,2,2,3,-3,1,4";12;12;11;3;7;"w1";4;FALSE
"3,3,4,-7,2,3,-2";12;5;1;2;7;"m6";1;TRUE
"3,4,-2,-2,-3,-4,-3";12;12;8;3;7;"n6";1;TRUE
"4,-2,-2,-2,-1,-2,-2";12;7;4;2;7;"p1";4;FALSE
"4,1,-1,1,-1,1,-1,1";12;12;10;2;8;"n3";4;FALSE
"4,3,-3,1,2,-2,-1";12;9;4;3;7;"d3";3;FALSE
"5,-2,-2,-1,5,-2,-2";12;3;2;1;7;"o6";1;TRUE
"5,-3,-4,-3,5,-3,-4";12;7;5;2;7;"p6";1;TRUE
"-1,-1,-1,-1,-2,1,-3";11;11;8;2;7;"u1";5;FALSE
"-1,-1,-1,-1,-2,1,3";11;11;8;3;7;"c";29;FALSE
"-1,-1,-1,-1,-4,-1,-2,-1";11;11;7;2;8;"s3";4;FALSE
"-1,-1,-1,-2,-1,-1,-3,-4";11;9;6;2;8;"q6";1;TRUE
"-1,-1,-1,-2,-1,-3,-1";11;9;8;2;7;"y1";8;FALSE
"-1,-1,-1,-2,-3,1,1";11;10;8;2;7;"h1";8;FALSE
"-1,-1,-1,-3,-1,-1,-1";11;8;6;2;7;"r6";1;TRUE
"-1,-1,-2,-1,-2,-1,-3,-1,-2";11;10;8;3;9;"s6";1;TRUE
"-1,-1,-2,1,-2,-1,3";11;11;8;2;7;"c";30;FALSE
"-1,-2,-1,-2,-1,3,-2";11;10;7;2;7;"g";17;FALSE
"-1,-2,-1,-2,-2,-1,-1,4";11;10;4;3;8;"i";16;FALSE
"-1,-2,-1,-3,-1,-2,-2,-1";11;11;7;2;8;"g";18;FALSE
"-1,-2,-1,1,2,-3,1,2";11;10;4;3;8;"v1";9;FALSE
"-1,-2,-1,3,-2,-5,3";11;11;8;3;7;"t6";1;TRUE
"-1,-2,-1,3,3,3,-1,-5,3";11;11;7;3;9;"f3";3;FALSE
"-1,-2,-2,-1,-1,2,2,3,4";11;10;8;3;9;"x";12;FALSE
"-1,-2,-2,-1,1,2,-3";11;7;3;2;7;"q1";4;FALSE
"-1,-2,-2,-2,-1,-2,-1,9";11;8;4;3;8;"m";27;FALSE
"-1,-2,-2,-2,-3,1,1";11;10;8;2;7;"h1";9;FALSE
"-1,-2,-3,1,1,3,3";11;9;8;2;7;"u6";1;TRUE
"-1,-3,-1,-2,-1,3,3";11;10;9;2;7;"g3";4;FALSE
"-1,-3,-1,-2,-2,2,2";11;10;6;2;7;"v6";1;TRUE
"-1,0,-1,0,-1,0,-1";11;7;6;2;7;"h5";2;FALSE
"-1,1,-1,1,-1,-2,-3";11;10;6;2;7;"w6";1;TRUE
"-1,1,2,-3,1,2,1,2";11;11;6;3;8;"a5";2;FALSE
"-1,3,2,2,3,-3,1,2";11;9;7;3;8;"w1";5;FALSE
"-1,3,3,4,-7,2,3";11;5;2;2;7;"m6";2;FALSE
"-1,5,-2,-2,-1,5,-2";11;3;2;1;7;"a6";2;FALSE
"-2,-1,-1,-1,-1,4,-2";11;6;3;2;7;"x6";1;TRUE
"-2,-1,-1,4,-5,-2,5,-2";11;11;5;3;8;"p5";2;FALSE
"-2,-1,-2,-1,-6,3,-1";11;10;7;2;7;"e";34;FALSE
"-2,-1,-2,-1,1,7,-2,-2,-3,-4";11;8;3;2;10;"t3";2;FALSE
"-2,-1,-2,-1,3,-1,-2,1";11;7;4;2;8;"f3";4;FALSE
"-2,-1,-2,-1,3,-2,-5";11;11;7;3;7;"e";35;FALSE
"-2,-1,-2,-1,3,3,3,-3";11;10;8;3;8;"e";36;FALSE
"-2,-1,-3,-1,-1,-1,-1";11;9;6;2;7;"g3";5;FALSE
"-2,-1,-3,1,2,1,2,2";11;10;7;3;8;"d";34;FALSE
"-2,-1,3,-2,-1,-2,3";11;10;7;2;7;"q";8;FALSE
"-2,-1,3,-2,-1,1,2";11;11;7;3;7;"o1";7;FALSE
"-2,-1,3,3,3,-3,1,1,-2";11;11;7;3;9;"v";9;FALSE
"-2,-1,9,-3,1,1,-3";11;10;4;3;7;"h1";10;FALSE
"-2,-2,-1,-1,-1,-2,-2,-1,3,3";11;9;5;2;10;"w";6;FALSE
"-2,-2,-1,-1,2,2,3,4,-2";11;9;9;2;9;"x";13;FALSE
"-2,-2,-1,-1,4,-2,-3";11;8;5;2;7;"s1";6;FALSE
"-2,-2,-1,-2,-1,3,3,3,-1,-2";11;10;4;3;10;"f3";5;FALSE
"-2,-2,-1,-2,-1,9,-1";11;10;7;3;7;"y1";9;FALSE
"-2,-2,-1,-2,-2,-1,-4";11;11;8;2;7;"q";9;FALSE
"-2,-2,-1,-2,-2,-1,3,3,4,-2";11;11;1;3;10;"w";7;FALSE
"-2,-2,-1,-2,-2,-3,-2,-2";11;10;5;2;8;"y6";1;TRUE
"-2,-2,-1,-2,-2,1,3";11;9;7;2;7;"w";8;FALSE
"-2,-2,-1,3,-2,-1,1";11;11;7;3;7;"q";10;FALSE
"-2,-2,-3,-1,-1,-2,-3";11;10;6;2;7;"d1";6;FALSE
"-2,-2,-3,-2,-2,-1,-4";11;7;5;2;7;"c1";12;FALSE
"-2,-2,-3,1,4,3,4";11;11;8;3;7;"b2";8;FALSE
"-2,-2,-8,3,4,-2,-2,-1,3";11;10;1;3;9;"x3";8;FALSE
"-2,-3,-2,-2,-1,-2,-2,-3";11;10;8;2;8;"z";12;FALSE
"-2,-3,3,-3,3,-3,3";11;11;8;2;7;"w3";4;FALSE
"-2,-3,5,-2,-3,-2,2";11;10;6;2;7;"s2";4;FALSE
"-2,1,3,4,3,-3,1";11;11;6;3;7;"r2";4;FALSE
"-2,2,-2,-2,-3,-2,2";11;8;6;2;7;"u2";5;FALSE
"-2,2,-2,-3,-2,-3,-2";11;11;8;3;7;"s2";5;FALSE
"-2,2,-2,2,-2,3,-3";11;10;5;2;7;"u2";6;FALSE
"-2,2,-2,3,-3,2,-2";11;11;8;2;7;"m1";6;FALSE
"-2,2,-3,1,2,-3,1";11;9;7;2;7;"s";15;FALSE
"-2,2,1,-3,2,1,-3";11;10;8;2;7;"z6";1;TRUE
"-2,2,1,2,2,-4,-1";11;11;8;2;7;"v2";5;FALSE
"-3,-2,-1,3,3,2,1";11;8;8;2;7;"k1";6;FALSE
"-3,-2,-1,3,3,4,-2";11;8;5;3;7;"r5";2;FALSE
"-3,-2,-2,-1,1,2,2";11;11;9;2;7;"i4";3;FALSE
"-3,-2,-2,-3,3,2,2";11;9;6;2;7;"i4";4;FALSE
"-3,-3,2,3,-2,-1,1,4";11;7;1;3;8;"u5";2;FALSE
"-3,-4,-3,5,-3,-4,-3";11;8;5;2;7;"p6";2;FALSE
"-3,-4,-3,9,-2,-2,-1,-1";11;9;7;3;8;"t5";2;FALSE
"-3,-4,-3,9,-2,-2,-2";11;11;6;2;7;"t5";3;FALSE
"-3,-4,5,2,1,2,2";11;11;8;2;7;"a7";1;TRUE
"-3,1,-2,1,-1,-1,-1";11;8;6;2;7;"i3";4;FALSE
"-3,1,-3,2,-4,2,-4";11;11;7;2;7;"k3";5;FALSE
"-3,1,1,-2,-3,1,1";11;8;7;3;7;"b7";1;TRUE
"-3,1,1,-4,-3,2,3";11;9;1;1;7;"c7";1;TRUE
"-3,1,2,1,1,1,-2";11;11;10;2;7;"n";16;FALSE
"-3,1,2,1,2,1,2,1";11;10;8;2;8;"n";17;FALSE
"-3,1,2,1,2,1,3";11;9;8;2;7;"n";18;FALSE
"-3,1,2,2,1,-1,-2";11;9;8;2;7;"b";27;FALSE
"-3,1,2,2,1,2,-2,-1";11;10;5;3;8;"d7";1;TRUE
"-3,1,2,2,2,1,-1";11;10;6;2;7;"n";19;FALSE
"-3,1,2,2,3,4,1";11;11;9;3;7;"e7";1;TRUE
"-3,2,-2,-2,-1,-1,2";11;10;10;2;7;"m5";3;FALSE
"-3,3,-3,-2,2,-2,-2";11;11;10;2;7;"h3";4;FALSE
"-3,3,2,-2,2,-2,-3";11;11;8;3;7;"y3";3;FALSE
"-4,-3,3,4,3,4,-2";11;10;8;2;7;"c6";2;FALSE
"-5,2,2,1,2,2,1";11;11;9;3;7;"s";16;FALSE
"0,2,1,2,2,2,1";11;10;8;2;7;"l2";4;FALSE
"1,-1,-2,-1,3,-2,-5";11;11;10;3;7;"o4";3;FALSE
"1,-1,-2,-1,3,3,3";11;11;8;3;7;"e";37;FALSE
"1,-1,-2,-2,-2,-1,3";11;9;9;3;7;"c";31;FALSE
"1,-1,-3,1,2,1,2";11;10;10;2;7;"f6";2;FALSE
"1,-3,3,-3,3,-3,3";11;11;9;2;7;"f7";1;TRUE
"1,-4,1,2,1,2,1";11;10;10;2;7;"a1";6;FALSE
"1,0,0,-1,1,0,0";11;5;4;1;7;"g6";2;FALSE
"1,0,1,0,1,0,1";11;5;5;2;7;"g7";1;TRUE
"1,1,-3,1,2,-2,-1";11;11;3;3;7;"r3";4;FALSE
"1,1,1,-3,1,2,-2";11;10;3;2;7;"w2";4;FALSE
"1,1,1,-7,3,1,1,1,1";11;4;3;2;9;"h7";1;TRUE
"1,1,1,1,-3,1,-2,1";11;5;4;2;8;"w2";5;FALSE
"1,1,1,1,-7,3,1,1";11;4;3;2;8;"p4";3;FALSE
"1,2,-2,-1,-2,-1,3,3,3";11;10;6;3;9;"e";38;FALSE
"1,2,-2,-1,1,4,3";11;11;4;3;7;"g1";7;FALSE
"1,2,-3,1,-3,-4,-3";11;10;8;3;7;"i7";1;TRUE
"1,2,1,-4,1,2,1";11;6;5;2;7;"a1";7;FALSE
"1,2,2,-3,1,2,1";11;9;8;2;7;"s";17;FALSE
"1,2,2,-4,2,2,1";11;11;6;2;7;"s";18;FALSE
"1,2,2,2,1,-3,-4";11;11;8;2;7;"h6";2;FALSE
"1,2,2,2,1,2,2,-4";11;11;7;2;8;"d4";4;FALSE
"1,3,-3,1,2,1,2";11;11;7;2;7;"d";35;FALSE
"1,3,2,2,3,-2,-1";11;10;7;3;7;"t1";5;FALSE
"1,3,4,3,-2,-1,-2,-2";11;11;3;3;8;"u";10;FALSE
"1,4,3,4,1,-1,-2";11;11;8;2;7;"l3";6;FALSE
"2,-2,-2,-3,-2,2,-2";11;10;8;3;7;"j7";1;TRUE
"2,-2,-3,-2,-3,-2,-2";11;11;7;3;7;"z";13;FALSE
"2,-2,-3,1,2,2,3";11;8;7;3;7;"q2";4;FALSE
"2,-2,-3,3,-3,-2,2,-2";11;10;9;3;8;"h3";5;FALSE
"2,-2,-3,3,2,-2,-3,3";11;8;6;2;8;"w3";5;FALSE
"2,-2,2,-2,-3,-2,-3";11;11;7;2;7;"v3";3;FALSE
"2,-2,2,-2,2,-2,-3,-2";11;11;7;2;8;"k7";1;TRUE
"2,1,1,-1,-1,-2,-3";11;9;8;2;7;"f4";2;FALSE
"2,1,1,1,-2,1,-4";11;11;9;2;7;"l7";1;TRUE
"2,1,2,-3,-2,-2,-1";11;9;5;3;7;"a4";2;FALSE
"2,1,2,-3,1,-1,-2";11;11;9;2;7;"b";28;FALSE
"2,1,2,-3,1,-3,2,1";11;10;9;2;8;"s";19;FALSE
"2,1,2,2,-2,-2,-3";11;11;6;2;7;"t";13;FALSE
"2,1,2,2,-4,-3,-2";11;8;8;2;7;"b";29;FALSE
"2,1,2,2,2,1,4";11;10;7;3;7;"t4";2;FALSE
"2,1,2,2,3,-1,-1,-1";11;10;7;2;8;"b";30;FALSE
"2,1,2,2,3,4,1";11;11;9;2;7;"b";31;FALSE
"2,1,2,2,5,-5,-2,-2";11;9;6;2;8;"m7";1;TRUE
"2,2,-2,-2,-3,-2,2";11;11;10;2;7;"j7";2;FALSE
"2,2,1,2,-3,-2,-2";11;9;8;2;7;"f";18;FALSE
"2,2,1,2,2,1,2,-3,1";11;11;6;2;9;"t";14;FALSE
"2,2,2,1,2,-3,1,2";11;11;7;2;8;"f";19;FALSE
"2,2,2,1,2,2,1,2,-3";11;11;7;2;9;"t";15;FALSE
"2,3,2,-2,-3,-2,2";11;10;6;1;7;"n7";1;TRUE
"3,-1,-1,-1,-2,-2,-1,-2,-2,-1";11;9;7;2;10;"e4";2;FALSE
"3,-2,-1,-2,-2,-1,-1";11;11;10;3;7;"i";17;FALSE
"3,-3,2,-2,2,-2,2";11;11;6;2;7;"i1";13;FALSE
"3,1,1,1,1,-2,-1";11;11;6;3;7;"o7";1;TRUE
"3,2,2,1,-1,-2,-2";11;11;10;2;7;"f4";3;FALSE
"3,3,-1,-2,-1,-2,-2";11;11;3;3;7;"u";11;FALSE
"3,4,-2,-2,-3,-2,-2";11;7;5;2;7;"u";12;FALSE
"3,4,1,-1,-2,-2,-1";11;11;8;3;7;"n5";5;FALSE
"3,4,1,-1,-2,-2,-3";11;11;9;2;7;"p7";1;TRUE
"4,-2,-2,-1,3,-2,-1";11;9;3;3;7;"q";11;FALSE
"4,3,-1,-2,-2,-2,-1";11;10;7;2;7;"e1";9;FALSE
"4,3,-2,-1,-2,-2,-2";11;9;5;3;7;"u";13;FALSE
"4,3,-3,1,2,1,2";11;11;10;3;7;"d";36;FALSE
"7,-2,-2,-3,-4,-3,2";11;8;1;2;7;"q7";1;TRUE
"-1,-1,-1,-1,-1,-2,-1,3";10;8;7;3;8;"c";32;FALSE
"-1,-1,-1,-1,-1,-2,-2,-1,3,3";10;7;3;2;10;"r7";1;TRUE
"-1,-1,-1,-1,-1,-2,-2,-3";10;10;9;2;8;"o5";3;FALSE
"-1,-1,-1,-1,-2,-2,-1,3,3,3";10;7;3;2;10;"i2";5;FALSE
"-1,-1,-1,-1,2,2,-4,2";10;5;3;2;8;"z5";2;FALSE
"-1,-1,-1,-2,-1,-2,-1,3,3";10;10;4;3;9;"c";33;FALSE
"-1,-1,-1,-2,-2,-3,1";10;10;9;2;7;"c";34;FALSE
"-1,-1,-1,2,1,2,-3";10;6;4;2;7;"s7";1;TRUE
"-1,-1,-1,3,-1,-1,-1";10;7;7;2;7;"r6";2;FALSE
"-1,-1,-2,-1,-2,-1,3,3,3,-1";10;10;3;3;10;"i2";6;FALSE
"-1,-1,-2,-1,-2,-1,9";10;10;5;3;7;"m";28;FALSE
"-1,-1,-2,-1,3,-3,1";10;8;5;2;7;"f2";2;FALSE
"-1,-1,-2,-1,3,2,2";10;10;8;3;7;"t7";1;TRUE
"-1,-1,-2,-2,-1,-4,2";10;5;2;3;7;"u7";1;TRUE
"-1,-1,2,2,2,5,-2";10;10;8;2;7;"y2";3;FALSE
"-1,-1,2,2,3,4,3";10;9;6;3;7;"y2";4;FALSE
"-1,-1,4,-2,-3,-4,-3";10;10;6;3;7;"u1";6;FALSE
"-1,-2,-1,-1,-3,1,2";10;10;4;3;7;"h1";11;FALSE
"-1,-2,-1,-2,-1,3,-1";10;6;5;2;7;"m";29;FALSE
"-1,-2,-1,-2,-2,-1,3";10;8;5;3;7;"c";35;FALSE
"-1,-2,-1,-3,-1,-2,-1,3";10;9;8;2;8;"g";19;FALSE
"-1,-2,-1,-3,-1,-2,-2,4";10;9;8;2;8;"g";20;FALSE
"-1,-2,-1,3,3,2,1,2";10;10;8;3;8;"k1";7;FALSE
"-1,-2,-1,3,3,3,-1,-4";10;10;6;3;8;"a";25;FALSE
"-1,-2,-1,3,3,4,-1";10;8;6;3;7;"h";13;FALSE
"-1,-2,-1,3,4,3,-3";10;9;4;3;7;"e2";3;FALSE
"-1,-2,-2,-1,-1,2,2,2,5";10;9;6;3;9;"v7";1;TRUE
"-1,-2,-2,-1,-2,-1,3,-2";10;10;7;3;8;"m";30;FALSE
"-1,-2,-2,-1,-2,-1,9";10;8;5;3;7;"m";31;FALSE
"-1,-2,-2,-1,-2,-2,-2,-3";10;9;8;2;8;"o5";4;FALSE
"-1,-2,-2,-2,-1,3,4";10;10;9;2;7;"h";14;FALSE
"-1,-2,-2,-3,-2,-2,-3";10;10;7;3;7;"z";14;FALSE
"-1,-2,-2,-3,1,-1,-2";10;9;7;2;7;"i4";5;FALSE
"-1,-2,-2,-4,-1,-2,-1,3";10;8;4;3;8;"m";32;FALSE
"-1,-2,-2,1,1,-4,-1";10;7;4;2;7;"w7";1;TRUE
"-1,-2,-3,1,1,3,2";10;10;9;2;7;"u6";2;FALSE
"-1,-2,-3,1,2,-3,1";10;8;4;3;7;"v1";10;FALSE
"-1,-2,-3,6,-1,-2,-3";10;9;7;2;7;"d1";7;FALSE
"-1,-2,2,1,2,-3,-2";10;10;6;3;7;"v1";11;FALSE
"-1,-3,1,2,-2,-1,-4";10;9;2;2;7;"r3";5;FALSE
"-1,1,-1,-2,-1,3,3";10;10;8;3;7;"m3";4;FALSE
"-1,1,2,-3,1,2,1,2,2";10;10;5;3;9;"i6";2;FALSE
"-1,1,7,-2,-2,-3,-4,-3";10;7;2;2;8;"e3";6;FALSE
"-1,2,1,2,2,-4,-1";10;8;5;2;7;"v2";6;FALSE
"-1,3,-3,1,2,2,3";10;9;8;2;7;"d3";4;FALSE
"-1,3,2,2,3,-2,-1,-2";10;9;4;2;8;"t1";6;FALSE
"-1,9,-3,1,1,-4,-3";10;9;4;3;7;"x7";1;TRUE
"-2,-1,-1,2,-3,-2,-2";10;7;7;2;7;"y7";1;TRUE
"-2,-1,-2,-1,-2,1,-3";10;9;7;2;7;"o5";5;FALSE
"-2,-1,-2,-1,1,2,1,-3";10;10;9;2;8;"t2";4;FALSE
"-2,-1,-2,-1,3,-2,-2";10;9;9;2;7;"e";39;FALSE
"-2,-1,-2,-2,-2,-1,-2,-3";10;10;8;3;8;"g2";5;FALSE
"-2,-1,-2,-2,-3,1,4";10;7;7;3;7;"i";18;FALSE
"-2,-1,-3,-1,-1,-1,-2,-1";10;6;5;2;8;"s3";5;FALSE
"-2,-1,-3,-1,-2,-1,3,3";10;9;8;2;8;"g3";6;FALSE
"-2,-1,-3,-1,-2,-2,2,2";10;9;6;2;8;"v6";2;FALSE
"-2,-1,-4,2,2,1,2";10;10;6;2;7;"o1";8;FALSE
"-2,-1,-9,2,2,3,-2";10;10;5;3;7;"l4";2;FALSE
"-2,-1,3,-3,1,2,1,2,2";10;10;9;2;9;"d";37;FALSE
"-2,-1,3,2,2,3,-3,1,2";10;8;7;3;9;"w1";6;FALSE
"-2,-1,3,3,3,-1,-3";10;10;3;3;7;"a";26;FALSE
"-2,-1,3,3,4,-7,2,3,-2";10;4;1;2;9;"m6";3;FALSE
"-2,-2,-1,-1,-1,-1,-3";10;10;4;2;7;"z7";1;TRUE
"-2,-2,-1,-1,4,-5,-2,5,-2";10;10;5;3;9;"s1";7;FALSE
"-2,-2,-1,-2,-1,-3,-1,-2,-2";10;10;10;3;9;"g";21;FALSE
"-2,-2,-1,-2,-1,1,2,-3";10;9;4;3;8;"a8";1;TRUE
"-2,-2,-1,-2,-1,3,-3";10;9;6;2;7;"m";33;FALSE
"-2,-2,-1,-2,-2,-1,3,3,3,-1";10;9;2;3;10;"w";9;FALSE
"-2,-2,-1,1,4,3,4";10;10;9;3;7;"b8";1;TRUE
"-2,-2,-1,3,-2,-1,-2,3";10;9;6;2;8;"q";12;FALSE
"-2,-2,-1,3,3,4,-2,-3";10;9;3;3;8;"r5";3;FALSE
"-2,-2,-1,9,-3,1,1";10;9;5;3;7;"h1";12;FALSE
"-2,-2,-2,-1,3,2,1";10;6;3;2;7;"f2";3;FALSE
"-2,-2,-3,-4,-3,-5,3";10;10;5;3;7;"c8";1;TRUE
"-2,-2,-3,-4,-3,2,-2";10;8;3;3;7;"q7";2;FALSE
"-2,-2,-3,-4,-3,2,3";10;8;4;3;7;"q7";3;FALSE
"-2,-2,-3,-4,-3,9,-2";10;10;6;2;7;"c8";2;FALSE
"-2,-2,2,-3,1,-3,2";10;10;5;2;7;"c3";2;FALSE
"-2,-2,2,2,3,-3,1";10;10;8;2;7;"w1";7;FALSE
"-2,-3,-1,-1,-2,2,-2";10;9;8;2;7;"h3";6;FALSE
"-2,-3,-2,-2,-1,-2,-1";10;8;6;2;7;"p1";5;FALSE
"-2,-3,-2,-2,-3,-2,-3,-2";10;10;8;2;8;"p1";6;FALSE
"-2,-3,-2,2,-2,-2,-3";10;9;7;2;7;"z";15;FALSE
"-2,-3,-2,5,-3,-2,-2";10;8;6;2;7;"z";16;FALSE
"-2,-3,-4,-3,9,-2,-2";10;9;6;2;7;"t5";4;FALSE
"-2,-3,1,1,-3,-1,-2";10;10;8;2;7;"d8";1;TRUE
"-2,-3,1,1,3,2,2";10;8;5;2;7;"r1";4;FALSE
"-2,-3,1,2,2,1,2";10;9;7;2;7;"c2";5;FALSE
"-2,-3,1,2,2,2,1,2";10;10;8;2;8;"l2";5;FALSE
"-2,-3,1,2,2,3,4";10;9;7;2;7;"y";12;FALSE
"-2,-3,3,2,1,-1,-2";10;7;7;2;7;"m2";8;FALSE
"-2,-4,3,-3,1,2,1";10;10;8;2;7;"e8";1;TRUE
"-2,2,-2,-2,2,-2,-3,3";10;8;7;1;8;"u2";7;FALSE
"-2,2,-2,2,-2,-3,3";10;10;6;2;7;"u2";8;FALSE
"-2,2,3,2,-2,-3,-2";10;10;7;1;7;"w3";6;FALSE
"-3,-1,-2,-1,-1,-1,-1";10;7;4;2;7;"i3";5;FALSE
"-3,-2,-1,3,3,3,-1";10;10;8;3;7;"a";27;FALSE
"-3,-2,-2,-1,-4,2,2";10;7;6;2;7;"f8";1;TRUE
"-3,-2,-2,-1,1,4,3";10;10;8;2;7;"g1";8;FALSE
"-3,-2,2,-2,-2,2,-2,-3";10;9;8;2;8;"u2";9;FALSE
"-3,-2,2,3,2,-2,-3";10;9;5;2;7;"m4";2;FALSE
"-3,-2,7,-2,-3,-2,7";10;4;4;2;7;"s5";2;FALSE
"-3,-4,-3,1,8,-2,-2";10;9;6;3;7;"g8";1;TRUE
"-3,-4,-3,3,4,3,-3";10;10;8;2;7;"c6";3;FALSE
"-3,1,1,-2,-1,3,3";10;6;4;2;7;"h8";1;TRUE
"-3,1,1,-4,-3,-2,-1";10;10;6;3;7;"c7";2;FALSE
"-3,1,1,-4,1,1,-4";10;10;7;3;7;"r";7;FALSE
"-3,1,2,-2,-1,-2,-2,-1";10;8;2;2;8;"o";9;FALSE
"-3,1,2,1,1,1,1,1,2";10;6;6;2;9;"l6";2;FALSE
"-3,1,2,1,2,-3,-2";10;9;6;2;7;"n";20;FALSE
"-3,1,2,1,2,1,1,3";10;9;5;2;8;"n";21;FALSE
"-3,1,2,1,2,2,1,2";10;9;9;2;8;"n";22;FALSE
"-3,1,2,2,1,2,2,2,1";10;10;7;3;9;"i8";1;TRUE
"-3,1,2,2,3,2,2";10;9;7;3;7;"d5";4;FALSE
"-3,1,4,3,4,1,1,1,-3";10;6;1;2;9;"l3";7;FALSE
"-3,1,4,3,4,3,-3";10;10;7;2;7;"e5";3;FALSE
"-3,2,-2,2,-2,2,-2,2";10;10;6;2;8;"i1";14;FALSE
"-3,2,1,2,-3,1,2";10;10;8;3;7;"f";20;FALSE
"-3,3,2,-2,-3,3,2,-2";10;7;6;2;8;"b5";3;FALSE
"-3,3,2,-2,2,-2,2";10;10;9;2;7;"i1";15;FALSE
"-3,5,-3,1,4,3,4";10;7;3;3;7;"b2";9;FALSE
"-4,-3,-2,-1,9,-3,1,1";10;10;6;3;8;"h1";13;FALSE
"-4,-3,2,3,-2,-1,1,4";10;7;1;2;8;"u5";3;FALSE
"-4,-3,2,3,-3,1,2";10;10;3;3;7;"j8";1;TRUE
"-8,3,4,-2,-2,-1,3,3";10;9;2;2;8;"k8";1;TRUE
"-9,2,2,3,-2,-1,1";10;8;1;2;7;"t1";7;FALSE
"0,-1,1,0,0,0,0,0";10;9;8;2;8;"z2";4;FALSE
"0,0,0,0,-1,1,0";10;7;6;2;7;"l8";1;TRUE
"0,0,0,0,-2,2,0";10;10;6;2;7;"l8";2;FALSE
"1,-1,-2,-1,-3,-1,-2,-2";10;10;6;3;8;"g";22;FALSE
"1,-1,-2,-1,3,-2,-2,-1";10;10;9;2;8;"o4";4;FALSE
"1,-1,-2,-2,-1,3,3";10;10;3;3;7;"h";15;FALSE
"1,-1,-2,-3,-2,-3,-2";10;10;8;3;7;"m8";1;TRUE
"1,-1,-2,-3,5,-2,-3";10;9;6;2;7;"m8";2;FALSE
"1,-1,1,-1,-2,-3,-2";10;9;8;3;7;"w6";2;FALSE
"1,-1,1,-1,1,-1,1,-1,1,-3";10;9;7;2;10;"n8";1;TRUE
"1,-2,-1,-3,-1,-2,-2";10;7;5;3;7;"g";23;FALSE
"1,-3,1,2,-2,-1,-2";10;10;3;3;7;"o";10;FALSE
"1,-3,1,2,1,2,2";10;10;8;2;7;"d";38;FALSE
"1,-3,1,2,2,2,1";10;8;5;2;7;"s";20;FALSE
"1,-4,1,-4,1,-4,1,-4,1,-4";10;4;3;3;10;"e6";2;FALSE
"1,1,1,-1,-1,-1,-3";10;9;8;3;7;"i3";6;FALSE
"1,1,1,-3,1,2,-2,-1";10;10;3;2;8;"o8";1;TRUE
"1,1,1,1,-7,3,1,1,1,1";10;3;3;2;10;"h7";2;FALSE
"1,1,1,1,1,-3,1,-2";10;4;3;2;8;"i5";4;FALSE
"1,2,-2,-1,-2,-1,-3";10;8;6;2;7;"q4";3;FALSE
"1,2,-2,-1,-2,-2,-3";10;10;8;3;7;"o";11;FALSE
"1,2,-3,1,2,-2,2";10;10;8;3;7;"s";21;FALSE
"1,2,1,2,1,-3,2";10;7;5;2;7;"p8";1;TRUE
"1,2,2,-4,-1,-2,-1";10;10;8;2;7;"h2";2;FALSE
"1,2,2,3,-1,-2,-2,-2,-1";10;10;9;2;9;"f1";13;FALSE
"1,2,2,3,-2,2,2";10;10;9;2;7;"n1";7;FALSE
"1,2,2,3,2,1,1";10;10;7;2;7;"q8";1;TRUE
"1,2,2,3,4,-3,1";10;9;8;2;7;"c4";3;FALSE
"1,4,3,4,-1,-1,-1,-1,-3";10;10;6;3;9;"l";7;FALSE
"1,4,3,4,3,-2,-1";10;10;7;2;7;"e5";4;FALSE
"2,-2,-1,-4,-3,-2,7";10;7;1;3;7;"r8";1;TRUE
"2,-2,-2,-1,-2,-2,-3";10;10;9;2;7;"o5";6;FALSE
"2,-2,-2,2,-2,-3,3,-3";10;9;8;2;8;"v3";4;FALSE
"2,-2,-3,-2,2,-2,-2";10;7;5;2;7;"j7";3;FALSE
"2,-2,-3,-2,5,-3,-2";10;10;10;2;7;"s8";1;TRUE
"2,-2,2,1,-1,-2,-3";10;10;7;2;7;"y3";4;FALSE
"2,-2,2,1,2,2,3";10;10;8;2;7;"q2";5;FALSE
"2,-2,3,-1,-2,2,-2";10;9;9;2;7;"j7";4;FALSE
"2,-3,1,2,2,1,2,-3";10;10;9;3;8;"t";16;FALSE
"2,-3,1,2,2,1,2,2";10;10;9;3;8;"d";39;FALSE
"2,1,-1,-2,-2,-1,3";10;10;5;3;7;"c";36;FALSE
"2,1,-1,-2,-2,-3,-2";10;10;5;2;7;"n5";6;FALSE
"2,1,-3,-3,2,3,-2,-1,1,4";10;6;1;2;10;"t8";1;TRUE
"2,1,-3,2,-2,2,-2";10;10;7;3;7;"u8";1;TRUE
"2,1,2,-3,1,2,1,1";10;8;5;2;8;"n";23;FALSE
"2,1,2,1,2,-3,-2,-1";10;10;8;2;8;"a4";3;FALSE
"2,1,2,2,2,1,2,-3";10;10;7;2;8;"t";17;FALSE
"2,1,2,2,2,1,2,2,-4";10;10;7;2;9;"d4";5;FALSE
"2,1,2,2,2,3,-1";10;8;5;2;7;"b";32;FALSE
"2,2,-2,-2,-3,-2,-3";10;9;6;2;7;"u2";10;FALSE
"2,2,-2,-2,-3,5,-2";10;9;4;2;7;"v8";1;TRUE
"2,2,-3,1,2,1,2";10;10;7;3;7;"f";21;FALSE
"2,2,1,2,-3,1,2,1,2";10;8;7;3;9;"f";22;FALSE
"2,2,1,2,2,-5,3";10;10;8;3;7;"w8";1;TRUE
"2,2,1,2,2,3,-1,-2";10;9;5;2;8;"b";33;FALSE
"2,2,2,3,-3,1,2";10;10;8;2;7;"f";23;FALSE
"2,2,3,-1,-1,-1,-1";10;10;8;2;7;"f1";14;FALSE
"2,2,3,-1,-2,-2,-1,-1,-1";10;9;5;2;9;"f1";15;FALSE
"2,2,3,-2,-1,1,3";10;8;6;3;7;"g1";9;FALSE
"2,2,3,-3,-2,-2,-3";10;6;4;2;7;"f1";16;FALSE
"2,2,3,-3,1,2,2,1";10;10;6;3;8;"j";13;FALSE
"2,2,3,-4,2,2,3";10;7;4;2;7;"n1";8;FALSE
"2,2,3,2,-2,-3,-2";10;9;6;2;7;"k7";2;FALSE
"2,2,3,4,-1,-1,-1";10;9;7;3;7;"u4";3;FALSE
"2,3,-2,-1,-2,-2,-1";10;9;7;3;7;"e1";10;FALSE
"2,3,2,1,-1,-2,-2";10;10;7;2;7;"a2";7;FALSE
"2,3,2,2,3,-3,1";10;10;7;3;7;"w1";8;FALSE
"2,3,4,-3,1,2,1";10;10;7;2;7;"o3";2;FALSE
"3,-1,-1,-1,-2,-1,-2,-1";10;10;7;3;8;"x2";3;FALSE
"3,-1,-2,-2,-2,-1,-2,-2";10;9;6;2;8;"e4";3;FALSE
"3,-1,-2,1,2,1,2";10;9;7;2;7;"x8";1;TRUE
"3,-2,-1,-2,-2,-1,-2";10;10;8;3;7;"q";13;FALSE
"3,-2,-1,-2,-2,-1,3";10;10;8;3;7;"c";37;FALSE
"3,-2,-1,-2,-2,-2,-1,-2,-2";10;8;4;3;9;"e1";11;FALSE
"3,-2,2,1,2,2,3,-1";10;10;7;2;8;"q2";6;FALSE
"3,-3,-2,2,-2,-2,2";10;10;9;2;7;"m4";3;FALSE
"3,-3,2,-3,-4,-3,9";10;8;1;3;7;"y8";1;TRUE
"3,-6,3,-6,3,-6,3";10;3;3;2;7;"z8";1;TRUE
"3,2,-2,-2,-1,-2,-2";10;10;8;2;7;"u";14;FALSE
"3,2,-2,2,-2,-3,3";10;8;6;3;7;"i1";16;FALSE
"3,2,-3,1,2,1,2";10;9;9;3;7;"d";40;FALSE
"3,2,1,-1,-2,-3,3";10;7;6;2;7;"y3";5;FALSE
"3,2,1,2,2,2,1";10;10;5;2;7;"l2";6;FALSE
"3,2,2,3,-1,-1,-1";10;6;4;2;7;"t1";8;FALSE
"3,2,2,3,-2,-1,-2,-2";10;9;5;3;8;"u";15;FALSE
"3,2,2,3,2,3,2,2";10;8;4;2;8;"d2";5;FALSE
"3,3,2,-2,-1,-2,-1";10;8;4;3;7;"a9";1;TRUE
"3,3,2,1,2,-3,-2";10;9;7;2;7;"b9";1;TRUE
"3,3,3,-1,-2,-1,-2";10;10;4;3;7;"c9";1;TRUE
"3,4,-3,1,2,1,2,2";10;10;6;2;8;"d";41;FALSE
"3,4,3,-2,-1,-2,-2,-2,-1";10;8;4;3;9;"u";16;FALSE
"3,4,3,-3,1,2,2,3";10;8;5;3;8;"d3";5;FALSE
"3,4,3,-3,1,4,3";10;10;8;3;7;"b1";4;FALSE
"3,4,3,4,-2,-2,-3";10;10;8;3;7;"p7";2;FALSE
"4,-2,-2,-1,-2,-1,1";10;9;9;3;7;"m";34;FALSE
"4,-2,-2,-1,-2,-2,-3";10;8;6;2;7;"g4";2;FALSE
"4,3,-1,-2,-2,-1,-1";10;9;4;3;7;"g4";3;FALSE
"4,3,-3,1,2,-2,-1,-2";10;7;3;3;8;"d9";1;TRUE
"5,-2,2,-2,2,-2,2";10;10;7;2;7;"m4";4;FALSE
"7,-2,-3,-2,7,-2,-3";10;5;4;2;7;"s5";3;FALSE
